/scratch/eo41/data-video/minute/S/train/S_20140611_1925_05_segment6.mp4, 1
/scratch/eo41/data-video/minute/S/train/S_20141026_2409_03_segment1.mp4, 1
/scratch/eo41/data-video/minute/S/train/S_20140403_1717_12_segment1.mp4, 1
/scratch/eo41/data-video/minute/S/train/S_20140406_1720_04_segment2.mp4, 1
/scratch/eo41/data-video/minute/S/train/S_20131110_1224_07_segment6.mp4, 1
/scratch/eo41/data-video/minute/S/train/S_20130724_0907_01_segment5.mp4, 1
/scratch/eo41/data-video/minute/S/train/S_20130714_0827_08_segment2.mp4, 1
/scratch/eo41/data-video/minute/S/train/S_20130829_1012_03_segment2.mp4, 1
/scratch/eo41/data-video/minute/S/train/S_20140720_2103_02_segment6.mp4, 1
/scratch/eo41/data-video/minute/S/train/S_20140601_1915_08_segment5.mp4, 1
/scratch/eo41/data-video/minute/S/train/S_20140302_1613_05_segment25.mp4, 1
/scratch/eo41/data-video/minute/S/train/S_20140423_1806_10_segment0.mp4, 1
/scratch/eo41/data-video/minute/S/train/S_20130515_0628_01_segment6.mp4, 1
/scratch/eo41/data-video/minute/S/train/S_20140823_2206_02_segment7.mp4, 1
/scratch/eo41/data-video/minute/S/train/S_20140815_2129_01_segment13.mp4, 1
/scratch/eo41/data-video/minute/S/train/S_20140524_1907_04_segment7.mp4, 1
/scratch/eo41/data-video/minute/S/train/S_20140816_2130_01_segment11.mp4, 1
/scratch/eo41/data-video/minute/S/train/S_20140302_1613_05_segment2.mp4, 1
/scratch/eo41/data-video/minute/S/train/S_20130519_0702_02_segment0.mp4, 1
/scratch/eo41/data-video/minute/S/train/S_20131214_1327_01_segment13.mp4, 1
/scratch/eo41/data-video/minute/S/train/S_20131130_1313_09_segment1.mp4, 1
/scratch/eo41/data-video/minute/S/train/S_20140125_1508_02_segment14.mp4, 1
/scratch/eo41/data-video/minute/S/train/S_20130822_1005_02_segment6.mp4, 1
/scratch/eo41/data-video/minute/S/train/S_20140119_1502_01_segment5.mp4, 1
/scratch/eo41/data-video/minute/S/train/S_20130919_1102_02_segment4.mp4, 1
/scratch/eo41/data-video/minute/S/train/S_20130515_0628_01_segment9.mp4, 1
/scratch/eo41/data-video/minute/S/train/S_20140508_1821_06_segment3.mp4, 1
/scratch/eo41/data-video/minute/S/train/S_20130508_0621_03_segment15.mp4, 1
/scratch/eo41/data-video/minute/S/train/S_20141203_2516_01_segment10.mp4, 1
/scratch/eo41/data-video/minute/S/train/S_20140601_1915_06_segment4.mp4, 1
/scratch/eo41/data-video/minute/S/train/S_20130622_0805_04_segment1.mp4, 1
/scratch/eo41/data-video/minute/S/train/S_20140107_1421_05_segment8.mp4, 1
/scratch/eo41/data-video/minute/S/train/S_20140528_1911_04_segment2.mp4, 1
/scratch/eo41/data-video/minute/S/train/S_20140409_1723_01_segment2.mp4, 1
/scratch/eo41/data-video/minute/S/train/S_20140928_2311_02_segment12.mp4, 1
/scratch/eo41/data-video/minute/S/train/S_20130829_1012_05_segment11.mp4, 1
/scratch/eo41/data-video/minute/S/train/S_20131117_1300_02_segment12.mp4, 1
/scratch/eo41/data-video/minute/S/train/S_20131127_1310_05_segment26.mp4, 1
/scratch/eo41/data-video/minute/S/train/S_20140611_1925_08_segment0.mp4, 1
/scratch/eo41/data-video/minute/S/train/S_20130608_0722_02_segment9.mp4, 1
/scratch/eo41/data-video/minute/S/train/S_20140413_1727_02_segment4.mp4, 1
/scratch/eo41/data-video/minute/S/train/S_20140720_2103_05_segment8.mp4, 1
/scratch/eo41/data-video/minute/S/train/S_20131204_1317_03_segment11.mp4, 1
/scratch/eo41/data-video/minute/S/train/S_20130616_0730_01_segment1.mp4, 1
/scratch/eo41/data-video/minute/S/train/S_20140911_2225_11_segment4.mp4, 1
/scratch/eo41/data-video/minute/S/train/S_20130703_0816_10_segment4.mp4, 1
/scratch/eo41/data-video/minute/S/train/S_20131123_1306_01_segment6.mp4, 1
/scratch/eo41/data-video/minute/S/train/S_20140528_1911_01_segment4.mp4, 1
/scratch/eo41/data-video/minute/S/train/S_20140707_2020_03_segment11.mp4, 1
/scratch/eo41/data-video/minute/S/train/S_20140227_1610_05_segment12.mp4, 1
/scratch/eo41/data-video/minute/S/train/S_20140522_1905_01_segment5.mp4, 1
/scratch/eo41/data-video/minute/S/train/S_20131113_1227_05_segment2.mp4, 1
/scratch/eo41/data-video/minute/S/train/S_20131121_1304_05_segment4.mp4, 1
/scratch/eo41/data-video/minute/S/train/S_20140510_1823_03_segment1.mp4, 1
/scratch/eo41/data-video/minute/S/train/S_20130626_0809_09_segment2.mp4, 1
/scratch/eo41/data-video/minute/S/train/S_20140418_1801_01_segment12.mp4, 1
/scratch/eo41/data-video/minute/S/train/S_20130714_0827_08_segment6.mp4, 1
/scratch/eo41/data-video/minute/S/train/S_20130811_0925_01_segment15.mp4, 1
/scratch/eo41/data-video/minute/S/train/S_20141019_2402_04_segment13.mp4, 1
/scratch/eo41/data-video/minute/S/train/S_20131106_1220_04_segment5.mp4, 1
/scratch/eo41/data-video/minute/S/train/S_20140206_1520_04_segment5.mp4, 1
/scratch/eo41/data-video/minute/S/train/S_20131031_1214_04_segment0.mp4, 1
/scratch/eo41/data-video/minute/S/train/S_20130501_0614_02_segment5.mp4, 1
/scratch/eo41/data-video/minute/S/train/S_20140326_1709_04_segment9.mp4, 1
/scratch/eo41/data-video/minute/S/train/S_20141119_2502_05_segment14.mp4, 1
/scratch/eo41/data-video/minute/S/train/S_20140614_1928_07_segment0.mp4, 1
/scratch/eo41/data-video/minute/S/train/S_20140920_2303_05_segment3.mp4, 1
/scratch/eo41/data-video/minute/S/train/S_20130602_0716_03_segment0.mp4, 1
/scratch/eo41/data-video/minute/S/train/S_20140614_1928_09_segment6.mp4, 1
/scratch/eo41/data-video/minute/S/train/S_20140510_1823_01_segment17.mp4, 1
/scratch/eo41/data-video/minute/S/train/S_20140917_2300_08_segment0.mp4, 1
/scratch/eo41/data-video/minute/S/train/S_20130703_0816_02_segment1.mp4, 1
/scratch/eo41/data-video/minute/S/train/S_20130522_0705_03_segment0.mp4, 1
/scratch/eo41/data-video/minute/S/train/S_20141206_2519_04_segment4.mp4, 1
/scratch/eo41/data-video/minute/S/train/S_20140430_1813_02_segment16.mp4, 1
/scratch/eo41/data-video/minute/S/train/S_20140628_2011_01_segment4.mp4, 1
/scratch/eo41/data-video/minute/S/train/S_20141129_2512_02_segment2.mp4, 1
/scratch/eo41/data-video/minute/S/train/S_20140302_1613_06_segment5.mp4, 1
/scratch/eo41/data-video/minute/S/train/S_20140824_2207_04_segment4.mp4, 1
/scratch/eo41/data-video/minute/S/train/S_20140430_1813_07_segment6.mp4, 1
/scratch/eo41/data-video/minute/S/train/S_20130504_0617_02_segment22.mp4, 1
/scratch/eo41/data-video/minute/S/train/S_20140801_2115_01_segment21.mp4, 1
/scratch/eo41/data-video/minute/S/train/S_20131127_1310_05_segment22.mp4, 1
/scratch/eo41/data-video/minute/S/train/S_20131228_1411_04_segment1.mp4, 1
/scratch/eo41/data-video/minute/S/train/S_20140220_1603_01_segment4.mp4, 1
/scratch/eo41/data-video/minute/S/train/S_20140503_1816_01_segment4.mp4, 1
/scratch/eo41/data-video/minute/S/train/S_20141001_2314_05_segment5.mp4, 1
/scratch/eo41/data-video/minute/S/train/S_20130901_1015_05_segment1.mp4, 1
/scratch/eo41/data-video/minute/S/train/S_20131012_1125_07_segment2.mp4, 1
/scratch/eo41/data-video/minute/S/train/S_20140524_1907_04_segment21.mp4, 1
/scratch/eo41/data-video/minute/S/train/S_20140628_2011_05_segment0.mp4, 1
/scratch/eo41/data-video/minute/S/train/S_20140806_2120_01_segment1.mp4, 1
/scratch/eo41/data-video/minute/S/train/S_20141109_2423_04_segment13.mp4, 1
/scratch/eo41/data-video/minute/S/train/S_20140212_1526_09_segment12.mp4, 1
/scratch/eo41/data-video/minute/S/train/S_20141203_2516_01_segment1.mp4, 1
/scratch/eo41/data-video/minute/S/train/S_20140220_1603_02_segment15.mp4, 1
/scratch/eo41/data-video/minute/S/train/S_20131113_1227_07_segment12.mp4, 1
/scratch/eo41/data-video/minute/S/train/S_20130706_0819_01_segment0.mp4, 1
/scratch/eo41/data-video/minute/S/train/S_20140403_1717_06_segment8.mp4, 1
/scratch/eo41/data-video/minute/S/train/S_20131106_1220_02_segment2.mp4, 1
/scratch/eo41/data-video/minute/S/train/S_20140403_1717_11_segment1.mp4, 1
/scratch/eo41/data-video/minute/S/train/S_20140917_2300_03_segment1.mp4, 1
/scratch/eo41/data-video/minute/S/train/S_20140823_2206_03_segment3.mp4, 1
/scratch/eo41/data-video/minute/S/train/S_20130928_1111_06_segment0.mp4, 1
/scratch/eo41/data-video/minute/S/train/S_20140824_2207_02_segment0.mp4, 1
/scratch/eo41/data-video/minute/S/train/S_20140524_1907_01_segment1.mp4, 1
/scratch/eo41/data-video/minute/S/train/S_20141109_2423_02_segment8.mp4, 1
/scratch/eo41/data-video/minute/S/train/S_20140510_1823_06_segment10.mp4, 1
/scratch/eo41/data-video/minute/S/train/S_20131123_1306_04_segment4.mp4, 1
/scratch/eo41/data-video/minute/S/train/S_20140329_1712_08_segment9.mp4, 1
/scratch/eo41/data-video/minute/S/train/S_20141108_2422_02_segment5.mp4, 1
/scratch/eo41/data-video/minute/S/train/S_20140514_1827_04_segment24.mp4, 1
/scratch/eo41/data-video/minute/S/train/S_20130616_0730_02_segment0.mp4, 1
/scratch/eo41/data-video/minute/S/train/S_20131228_1411_01_segment8.mp4, 1
/scratch/eo41/data-video/minute/S/train/S_20130421_0604_02_segment20.mp4, 1
/scratch/eo41/data-video/minute/S/train/S_20140611_1925_06_segment2.mp4, 1
/scratch/eo41/data-video/minute/S/train/S_20140220_1603_02_segment9.mp4, 1
/scratch/eo41/data-video/minute/S/train/S_20140409_1723_05_segment2.mp4, 1
/scratch/eo41/data-video/minute/S/train/S_20140917_2300_08_segment4.mp4, 1
/scratch/eo41/data-video/minute/S/train/S_20140420_1803_04_segment5.mp4, 1
/scratch/eo41/data-video/minute/S/train/S_20130612_0726_01_segment8.mp4, 1
/scratch/eo41/data-video/minute/S/train/S_20141023_2406_03_segment13.mp4, 1
/scratch/eo41/data-video/minute/S/train/S_20140729_2112_01_segment26.mp4, 1
/scratch/eo41/data-video/minute/S/train/S_20141009_2322_01_segment9.mp4, 1
/scratch/eo41/data-video/minute/S/train/S_20130421_0604_02_segment3.mp4, 1
/scratch/eo41/data-video/minute/S/train/S_20140911_2225_02_segment11.mp4, 1
/scratch/eo41/data-video/minute/S/train/S_20130526_0709_04_segment10.mp4, 1
/scratch/eo41/data-video/minute/S/train/S_20140112_1426_02_segment2.mp4, 1
/scratch/eo41/data-video/minute/S/train/S_20140920_2303_07_segment12.mp4, 1
/scratch/eo41/data-video/minute/S/train/S_20140112_1426_04_segment12.mp4, 1
/scratch/eo41/data-video/minute/S/train/S_20131017_1200_03_segment13.mp4, 1
/scratch/eo41/data-video/minute/S/train/S_20130811_0925_02_segment0.mp4, 1
/scratch/eo41/data-video/minute/S/train/S_20140926_2309_03_segment25.mp4, 1
/scratch/eo41/data-video/minute/S/train/S_20140409_1723_02_segment17.mp4, 1
/scratch/eo41/data-video/minute/S/train/S_20130602_0716_04_segment7.mp4, 1
/scratch/eo41/data-video/minute/S/train/S_20130522_0705_06_segment3.mp4, 1
/scratch/eo41/data-video/minute/S/train/S_20140920_2303_01_segment5.mp4, 1
/scratch/eo41/data-video/minute/S/train/S_20140212_1526_02_segment1.mp4, 1
/scratch/eo41/data-video/minute/S/train/S_20140913_2227_06_segment14.mp4, 1
/scratch/eo41/data-video/minute/S/train/S_20141001_2314_07_segment3.mp4, 1
/scratch/eo41/data-video/minute/S/train/S_20130508_0621_01_segment18.mp4, 1
/scratch/eo41/data-video/minute/S/train/S_20140112_1426_02_segment6.mp4, 1
/scratch/eo41/data-video/minute/S/train/S_20141102_2416_01_segment25.mp4, 1
/scratch/eo41/data-video/minute/S/train/S_20141004_2317_01_segment29.mp4, 1
/scratch/eo41/data-video/minute/S/train/S_20141203_2516_01_segment2.mp4, 1
/scratch/eo41/data-video/minute/S/train/S_20131027_1210_02_segment18.mp4, 1
/scratch/eo41/data-video/minute/S/train/S_20130905_1019_02_segment10.mp4, 1
/scratch/eo41/data-video/minute/S/train/S_20131207_1320_01_segment4.mp4, 1
/scratch/eo41/data-video/minute/S/train/S_20140430_1813_02_segment3.mp4, 1
/scratch/eo41/data-video/minute/S/train/S_20140212_1526_07_segment14.mp4, 1
/scratch/eo41/data-video/minute/S/train/S_20140212_1526_07_segment11.mp4, 1
/scratch/eo41/data-video/minute/S/train/S_20140903_2217_07_segment11.mp4, 1
/scratch/eo41/data-video/minute/S/train/S_20130630_0813_01_segment1.mp4, 1
/scratch/eo41/data-video/minute/S/train/S_20131009_1122_01_segment3.mp4, 1
/scratch/eo41/data-video/minute/S/train/S_20140227_1610_05_segment4.mp4, 1
/scratch/eo41/data-video/minute/S/train/S_20140920_2303_07_segment8.mp4, 1
/scratch/eo41/data-video/minute/S/train/S_20141116_2430_02_segment2.mp4, 1
/scratch/eo41/data-video/minute/S/train/S_20140830_2213_05_segment14.mp4, 1
/scratch/eo41/data-video/minute/S/train/S_20140622_2005_03_segment1.mp4, 1
/scratch/eo41/data-video/minute/S/train/S_20130421_0604_03_segment27.mp4, 1
/scratch/eo41/data-video/minute/S/train/S_20140806_2120_05_segment8.mp4, 1
/scratch/eo41/data-video/minute/S/train/S_20130915_1029_06_segment2.mp4, 1
/scratch/eo41/data-video/minute/S/train/S_20131228_1411_03_segment9.mp4, 1
/scratch/eo41/data-video/minute/S/train/S_20141009_2322_02_segment0.mp4, 1
/scratch/eo41/data-video/minute/S/train/S_20130714_0827_06_segment0.mp4, 1
/scratch/eo41/data-video/minute/S/train/S_20140907_2221_03_segment9.mp4, 1
/scratch/eo41/data-video/minute/S/train/S_20140329_1712_06_segment2.mp4, 1
/scratch/eo41/data-video/minute/S/train/S_20140115_1429_04_segment2.mp4, 1
/scratch/eo41/data-video/minute/S/train/S_20140202_1516_01_segment9.mp4, 1
/scratch/eo41/data-video/minute/S/train/S_20141115_2429_01_segment7.mp4, 1
/scratch/eo41/data-video/minute/S/train/S_20140729_2112_01_segment17.mp4, 1
/scratch/eo41/data-video/minute/S/train/S_20140801_2115_02_segment9.mp4, 1
/scratch/eo41/data-video/minute/S/train/S_20140717_2100_07_segment9.mp4, 1
/scratch/eo41/data-video/minute/S/train/S_20131113_1227_04_segment17.mp4, 1
/scratch/eo41/data-video/minute/S/train/S_20140926_2309_02_segment8.mp4, 1
/scratch/eo41/data-video/minute/S/train/S_20141206_2519_04_segment1.mp4, 1
/scratch/eo41/data-video/minute/S/train/S_20140621_2004_02_segment6.mp4, 1
/scratch/eo41/data-video/minute/S/train/S_20140713_2026_03_segment10.mp4, 1
/scratch/eo41/data-video/minute/S/train/S_20140423_1806_02_segment5.mp4, 1
/scratch/eo41/data-video/minute/S/train/S_20130512_0625_02_segment0.mp4, 1
/scratch/eo41/data-video/minute/S/train/S_20140809_2123_01_segment17.mp4, 1
/scratch/eo41/data-video/minute/S/train/S_20140828_2211_02_segment24.mp4, 1
/scratch/eo41/data-video/minute/S/train/S_20140517_1900_01_segment4.mp4, 1
/scratch/eo41/data-video/minute/S/train/S_20131212_1325_01_segment3.mp4, 1
/scratch/eo41/data-video/minute/S/train/S_20140403_1717_08_segment4.mp4, 1
/scratch/eo41/data-video/minute/S/train/S_20140903_2217_08_segment0.mp4, 1
/scratch/eo41/data-video/minute/S/train/S_20131019_1202_03_segment17.mp4, 1
/scratch/eo41/data-video/minute/S/train/S_20130728_0911_05_segment10.mp4, 1
/scratch/eo41/data-video/minute/S/train/S_20140220_1603_02_segment4.mp4, 1
/scratch/eo41/data-video/minute/S/train/S_20131012_1125_07_segment5.mp4, 1
/scratch/eo41/data-video/minute/S/train/S_20140510_1823_06_segment5.mp4, 1
/scratch/eo41/data-video/minute/S/train/S_20140605_1919_05_segment4.mp4, 1
/scratch/eo41/data-video/minute/S/train/S_20130706_0819_05_segment2.mp4, 1
/scratch/eo41/data-video/minute/S/train/S_20140830_2213_07_segment10.mp4, 1
/scratch/eo41/data-video/minute/S/train/S_20131019_1202_05_segment3.mp4, 1
/scratch/eo41/data-video/minute/S/train/S_20140315_1626_04_segment6.mp4, 1
/scratch/eo41/data-video/minute/S/train/S_20140409_1723_02_segment4.mp4, 1
/scratch/eo41/data-video/minute/S/train/S_20140618_2001_05_segment12.mp4, 1
/scratch/eo41/data-video/minute/S/train/S_20130630_0813_06_segment12.mp4, 1
/scratch/eo41/data-video/minute/S/train/S_20140720_2103_03_segment12.mp4, 1
/scratch/eo41/data-video/minute/S/train/S_20140821_2204_05_segment5.mp4, 1
/scratch/eo41/data-video/minute/S/train/S_20130508_0621_01_segment5.mp4, 1
/scratch/eo41/data-video/minute/S/train/S_20140302_1613_05_segment8.mp4, 1
/scratch/eo41/data-video/minute/S/train/S_20140405_1719_03_segment13.mp4, 1
/scratch/eo41/data-video/minute/S/train/S_20141029_2412_06_segment3.mp4, 1
/scratch/eo41/data-video/minute/S/train/S_20131214_1327_01_segment6.mp4, 1
/scratch/eo41/data-video/minute/S/train/S_20140517_1900_02_segment6.mp4, 1
/scratch/eo41/data-video/minute/S/train/S_20130630_0813_02_segment1.mp4, 1
/scratch/eo41/data-video/minute/S/train/S_20130808_0922_05_segment12.mp4, 1
/scratch/eo41/data-video/minute/S/train/S_20141004_2317_01_segment21.mp4, 1
/scratch/eo41/data-video/minute/S/train/S_20140720_2103_01_segment4.mp4, 1
/scratch/eo41/data-video/minute/S/train/S_20131117_1300_02_segment8.mp4, 1
/scratch/eo41/data-video/minute/S/train/S_20140828_2211_03_segment5.mp4, 1
/scratch/eo41/data-video/minute/S/train/S_20140202_1516_05_segment1.mp4, 1
/scratch/eo41/data-video/minute/S/train/S_20141025_2408_01_segment3.mp4, 1
/scratch/eo41/data-video/minute/S/train/S_20140329_1712_08_segment3.mp4, 1
/scratch/eo41/data-video/minute/S/train/S_20140123_1506_05_segment0.mp4, 1
/scratch/eo41/data-video/minute/S/train/S_20130728_0911_04_segment4.mp4, 1
/scratch/eo41/data-video/minute/S/train/S_20140806_2120_02_segment4.mp4, 1
/scratch/eo41/data-video/minute/S/train/S_20130919_1102_03_segment5.mp4, 1
/scratch/eo41/data-video/minute/S/train/S_20140514_1827_04_segment6.mp4, 1
/scratch/eo41/data-video/minute/S/train/S_20131207_1320_03_segment8.mp4, 1
/scratch/eo41/data-video/minute/S/train/S_20131024_1207_03_segment12.mp4, 1
/scratch/eo41/data-video/minute/S/train/S_20131009_1122_05_segment2.mp4, 1
/scratch/eo41/data-video/minute/S/train/S_20131113_1227_07_segment1.mp4, 1
/scratch/eo41/data-video/minute/S/train/S_20141116_2430_02_segment0.mp4, 1
/scratch/eo41/data-video/minute/S/train/S_20140707_2020_01_segment1.mp4, 1
/scratch/eo41/data-video/minute/S/train/S_20140413_1727_02_segment3.mp4, 1
/scratch/eo41/data-video/minute/S/train/S_20140720_2103_04_segment0.mp4, 1
/scratch/eo41/data-video/minute/S/train/S_20130824_1007_03_segment3.mp4, 1
/scratch/eo41/data-video/minute/S/train/S_20130602_0716_06_segment2.mp4, 1
/scratch/eo41/data-video/minute/S/train/S_20140801_2115_03_segment15.mp4, 1
/scratch/eo41/data-video/minute/S/train/S_20141109_2423_01_segment6.mp4, 1
/scratch/eo41/data-video/minute/S/train/S_20140720_2103_02_segment7.mp4, 1
/scratch/eo41/data-video/minute/S/train/S_20140720_2103_03_segment19.mp4, 1
/scratch/eo41/data-video/minute/S/train/S_20130508_0621_03_segment23.mp4, 1
/scratch/eo41/data-video/minute/S/train/S_20140510_1823_01_segment0.mp4, 1
/scratch/eo41/data-video/minute/S/train/S_20140801_2115_02_segment20.mp4, 1
/scratch/eo41/data-video/minute/S/train/S_20140524_1907_04_segment6.mp4, 1
/scratch/eo41/data-video/minute/S/train/S_20131009_1122_05_segment3.mp4, 1
/scratch/eo41/data-video/minute/S/train/S_20141018_2401_02_segment0.mp4, 1
/scratch/eo41/data-video/minute/S/train/S_20130724_0907_06_segment5.mp4, 1
/scratch/eo41/data-video/minute/S/train/S_20141018_2401_01_segment16.mp4, 1
/scratch/eo41/data-video/minute/S/train/S_20130529_0712_04_segment6.mp4, 1
/scratch/eo41/data-video/minute/S/train/S_20140601_1915_05_segment0.mp4, 1
/scratch/eo41/data-video/minute/S/train/S_20130519_0702_01_segment17.mp4, 1
/scratch/eo41/data-video/minute/S/train/S_20140707_2020_02_segment2.mp4, 1
/scratch/eo41/data-video/minute/S/train/S_20140622_2005_05_segment1.mp4, 1
/scratch/eo41/data-video/minute/S/train/S_20141119_2502_01_segment28.mp4, 1
/scratch/eo41/data-video/minute/S/train/S_20140514_1827_04_segment26.mp4, 1
/scratch/eo41/data-video/minute/S/train/S_20140305_1616_03_segment19.mp4, 1
/scratch/eo41/data-video/minute/S/train/S_20141009_2322_02_segment3.mp4, 1
/scratch/eo41/data-video/minute/S/train/S_20140821_2204_01_segment3.mp4, 1
/scratch/eo41/data-video/minute/S/train/S_20140329_1712_08_segment10.mp4, 1
/scratch/eo41/data-video/minute/S/train/S_20140123_1506_02_segment9.mp4, 1
/scratch/eo41/data-video/minute/S/train/S_20130925_1108_03_segment3.mp4, 1
/scratch/eo41/data-video/minute/S/train/S_20140212_1526_07_segment7.mp4, 1
/scratch/eo41/data-video/minute/S/train/S_20141130_2513_01_segment4.mp4, 1
/scratch/eo41/data-video/minute/S/train/S_20130714_0827_07_segment10.mp4, 1
/scratch/eo41/data-video/minute/S/train/S_20140917_2300_01_segment15.mp4, 1
/scratch/eo41/data-video/minute/S/train/S_20131117_1300_01_segment4.mp4, 1
/scratch/eo41/data-video/minute/S/train/S_20131221_1404_05_segment8.mp4, 1
/scratch/eo41/data-video/minute/S/train/S_20140720_2103_03_segment21.mp4, 1
/scratch/eo41/data-video/minute/S/train/S_20140430_1813_01_segment10.mp4, 1
/scratch/eo41/data-video/minute/S/train/S_20140322_1705_03_segment18.mp4, 1
/scratch/eo41/data-video/minute/S/train/S_20130811_0925_04_segment7.mp4, 1
/scratch/eo41/data-video/minute/S/train/S_20140220_1603_02_segment11.mp4, 1
/scratch/eo41/data-video/minute/S/train/S_20130504_0617_02_segment8.mp4, 1
/scratch/eo41/data-video/minute/S/train/S_20140614_1928_03_segment0.mp4, 1
/scratch/eo41/data-video/minute/S/train/S_20140801_2115_01_segment1.mp4, 1
/scratch/eo41/data-video/minute/S/train/S_20131221_1404_07_segment9.mp4, 1
/scratch/eo41/data-video/minute/S/train/S_20140320_1703_10_segment20.mp4, 1
/scratch/eo41/data-video/minute/S/train/S_20140906_2220_04_segment1.mp4, 1
/scratch/eo41/data-video/minute/S/train/S_20140413_1727_01_segment11.mp4, 1
/scratch/eo41/data-video/minute/S/train/S_20141018_2401_01_segment12.mp4, 1
/scratch/eo41/data-video/minute/S/train/S_20140508_1821_06_segment1.mp4, 1
/scratch/eo41/data-video/minute/S/train/S_20141004_2317_01_segment4.mp4, 1
/scratch/eo41/data-video/minute/S/train/S_20140801_2115_03_segment5.mp4, 1
/scratch/eo41/data-video/minute/S/train/S_20140202_1516_05_segment2.mp4, 1
/scratch/eo41/data-video/minute/S/train/S_20130714_0827_02_segment4.mp4, 1
/scratch/eo41/data-video/minute/S/train/S_20140406_1720_04_segment15.mp4, 1
/scratch/eo41/data-video/minute/S/train/S_20140206_1520_01_segment10.mp4, 1
/scratch/eo41/data-video/minute/S/train/S_20130501_0614_02_segment12.mp4, 1
/scratch/eo41/data-video/minute/S/train/S_20130421_0604_01_segment0.mp4, 1
/scratch/eo41/data-video/minute/S/train/S_20141009_2322_05_segment10.mp4, 1
/scratch/eo41/data-video/minute/S/train/S_20130919_1102_04_segment0.mp4, 1
/scratch/eo41/data-video/minute/S/train/S_20140101_1415_04_segment4.mp4, 1
/scratch/eo41/data-video/minute/S/train/S_20131012_1125_08_segment4.mp4, 1
/scratch/eo41/data-video/minute/S/train/S_20141004_2317_05_segment9.mp4, 1
/scratch/eo41/data-video/minute/S/train/S_20140809_2123_03_segment25.mp4, 1
/scratch/eo41/data-video/minute/S/train/S_20131225_1408_02_segment2.mp4, 1
/scratch/eo41/data-video/minute/S/train/S_20140426_1809_06_segment8.mp4, 1
/scratch/eo41/data-video/minute/S/train/S_20140830_2213_05_segment3.mp4, 1
/scratch/eo41/data-video/minute/S/train/S_20141029_2412_04_segment4.mp4, 1
/scratch/eo41/data-video/minute/S/train/S_20140517_1900_02_segment8.mp4, 1
/scratch/eo41/data-video/minute/S/train/S_20140601_1915_07_segment2.mp4, 1
/scratch/eo41/data-video/minute/S/train/S_20131117_1300_03_segment0.mp4, 1
/scratch/eo41/data-video/minute/S/train/S_20140614_1928_03_segment2.mp4, 1
/scratch/eo41/data-video/minute/S/train/S_20130501_0614_01_segment6.mp4, 1
/scratch/eo41/data-video/minute/S/train/S_20140418_1801_01_segment17.mp4, 1
/scratch/eo41/data-video/minute/S/train/S_20130504_0617_02_segment14.mp4, 1
/scratch/eo41/data-video/minute/S/train/S_20140816_2130_01_segment14.mp4, 1
/scratch/eo41/data-video/minute/S/train/S_20131130_1313_06_segment0.mp4, 1
/scratch/eo41/data-video/minute/S/train/S_20130501_0614_02_segment3.mp4, 1
/scratch/eo41/data-video/minute/S/train/S_20130421_0604_04_segment1.mp4, 1
/scratch/eo41/data-video/minute/S/train/S_20140707_2020_02_segment7.mp4, 1
/scratch/eo41/data-video/minute/S/train/S_20140115_1429_04_segment6.mp4, 1
/scratch/eo41/data-video/minute/S/train/S_20140729_2112_03_segment1.mp4, 1
/scratch/eo41/data-video/minute/S/train/S_20140830_2213_01_segment5.mp4, 1
/scratch/eo41/data-video/minute/S/train/S_20140830_2213_02_segment10.mp4, 1
/scratch/eo41/data-video/minute/S/train/S_20140212_1526_01_segment0.mp4, 1
/scratch/eo41/data-video/minute/S/train/S_20140101_1415_05_segment11.mp4, 1
/scratch/eo41/data-video/minute/S/train/S_20131031_1214_07_segment0.mp4, 1
/scratch/eo41/data-video/minute/S/train/S_20140601_1915_05_segment1.mp4, 1
/scratch/eo41/data-video/minute/S/train/S_20131106_1220_03_segment10.mp4, 1
/scratch/eo41/data-video/minute/S/train/S_20141029_2412_06_segment6.mp4, 1
/scratch/eo41/data-video/minute/S/train/S_20130421_0604_02_segment28.mp4, 1
/scratch/eo41/data-video/minute/S/train/S_20140601_1915_04_segment3.mp4, 1
/scratch/eo41/data-video/minute/S/train/S_20130811_0925_03_segment8.mp4, 1
/scratch/eo41/data-video/minute/S/train/S_20140612_1926_03_segment2.mp4, 1
/scratch/eo41/data-video/minute/S/train/S_20130612_0726_05_segment6.mp4, 1
/scratch/eo41/data-video/minute/S/train/S_20130703_0816_10_segment7.mp4, 1
/scratch/eo41/data-video/minute/S/train/S_20140605_1919_03_segment6.mp4, 1
/scratch/eo41/data-video/minute/S/train/S_20130808_0922_02_segment0.mp4, 1
/scratch/eo41/data-video/minute/S/train/S_20130915_1029_04_segment4.mp4, 1
/scratch/eo41/data-video/minute/S/train/S_20140609_1923_03_segment0.mp4, 1
/scratch/eo41/data-video/minute/S/train/S_20140830_2213_01_segment1.mp4, 1
/scratch/eo41/data-video/minute/S/train/S_20130720_0903_02_segment6.mp4, 1
/scratch/eo41/data-video/minute/S/train/S_20140423_1806_11_segment4.mp4, 1
/scratch/eo41/data-video/minute/S/train/S_20130905_1019_02_segment9.mp4, 1
/scratch/eo41/data-video/minute/S/train/S_20140920_2303_03_segment2.mp4, 1
/scratch/eo41/data-video/minute/S/train/S_20140830_2213_02_segment1.mp4, 1
/scratch/eo41/data-video/minute/S/train/S_20140911_2225_02_segment8.mp4, 1
/scratch/eo41/data-video/minute/S/train/S_20140729_2112_04_segment5.mp4, 1
/scratch/eo41/data-video/minute/S/train/S_20140601_1915_05_segment13.mp4, 1
/scratch/eo41/data-video/minute/S/train/S_20140220_1603_05_segment0.mp4, 1
/scratch/eo41/data-video/minute/S/train/S_20140125_1508_03_segment12.mp4, 1
/scratch/eo41/data-video/minute/S/train/S_20141029_2412_01_segment0.mp4, 1
/scratch/eo41/data-video/minute/S/train/S_20131212_1325_05_segment4.mp4, 1
/scratch/eo41/data-video/minute/S/train/S_20130728_0911_02_segment1.mp4, 1
/scratch/eo41/data-video/minute/S/train/S_20140717_2100_05_segment2.mp4, 1
/scratch/eo41/data-video/minute/S/train/S_20140911_2225_02_segment1.mp4, 1
/scratch/eo41/data-video/minute/S/train/S_20140125_1508_02_segment18.mp4, 1
/scratch/eo41/data-video/minute/S/train/S_20140824_2207_02_segment6.mp4, 1
/scratch/eo41/data-video/minute/S/train/S_20140320_1703_02_segment0.mp4, 1
/scratch/eo41/data-video/minute/S/train/S_20140212_1526_06_segment7.mp4, 1
/scratch/eo41/data-video/minute/S/train/S_20140423_1806_05_segment7.mp4, 1
/scratch/eo41/data-video/minute/S/train/S_20141206_2519_04_segment16.mp4, 1
/scratch/eo41/data-video/minute/S/train/S_20130905_1019_02_segment1.mp4, 1
/scratch/eo41/data-video/minute/S/train/S_20140707_2020_01_segment3.mp4, 1
/scratch/eo41/data-video/minute/S/train/S_20141026_2409_05_segment8.mp4, 1
/scratch/eo41/data-video/minute/S/train/S_20130824_1007_02_segment9.mp4, 1
/scratch/eo41/data-video/minute/S/train/S_20130421_0604_02_segment23.mp4, 1
/scratch/eo41/data-video/minute/S/train/S_20140921_2304_01_segment9.mp4, 1
/scratch/eo41/data-video/minute/S/train/S_20140921_2304_01_segment3.mp4, 1
/scratch/eo41/data-video/minute/S/train/S_20140503_1816_01_segment10.mp4, 1
/scratch/eo41/data-video/minute/S/train/S_20131106_1220_05_segment0.mp4, 1
/scratch/eo41/data-video/minute/S/train/S_20140809_2123_03_segment3.mp4, 1
/scratch/eo41/data-video/minute/S/train/S_20140926_2309_03_segment4.mp4, 1
/scratch/eo41/data-video/minute/S/train/S_20130529_0712_01_segment0.mp4, 1
/scratch/eo41/data-video/minute/S/train/S_20141015_2328_01_segment15.mp4, 1
/scratch/eo41/data-video/minute/S/train/S_20140618_2001_05_segment4.mp4, 1
/scratch/eo41/data-video/minute/S/train/S_20140220_1603_02_segment17.mp4, 1
/scratch/eo41/data-video/minute/S/train/S_20141129_2512_01_segment3.mp4, 1
/scratch/eo41/data-video/minute/S/train/S_20140921_2304_01_segment4.mp4, 1
/scratch/eo41/data-video/minute/S/train/S_20130501_0614_01_segment27.mp4, 1
/scratch/eo41/data-video/minute/S/train/S_20140830_2213_04_segment1.mp4, 1
/scratch/eo41/data-video/minute/S/train/S_20140409_1723_03_segment0.mp4, 1
/scratch/eo41/data-video/minute/S/train/S_20131204_1317_01_segment7.mp4, 1
/scratch/eo41/data-video/minute/S/train/S_20141029_2412_06_segment11.mp4, 1
/scratch/eo41/data-video/minute/S/train/S_20130814_0928_03_segment2.mp4, 1
/scratch/eo41/data-video/minute/S/train/S_20140320_1703_01_segment7.mp4, 1
/scratch/eo41/data-video/minute/S/train/S_20130616_0730_09_segment2.mp4, 1
/scratch/eo41/data-video/minute/S/train/S_20140720_2103_01_segment10.mp4, 1
/scratch/eo41/data-video/minute/S/train/S_20141207_2520_04_segment5.mp4, 1
/scratch/eo41/data-video/minute/S/train/S_20130421_0604_02_segment9.mp4, 1
/scratch/eo41/data-video/minute/S/train/S_20130925_1108_03_segment2.mp4, 1
/scratch/eo41/data-video/minute/S/train/S_20141011_2324_05_segment6.mp4, 1
/scratch/eo41/data-video/minute/S/train/S_20140510_1823_04_segment3.mp4, 1
/scratch/eo41/data-video/minute/S/train/S_20130928_1111_01_segment0.mp4, 1
/scratch/eo41/data-video/minute/S/train/S_20130822_1005_04_segment1.mp4, 1
/scratch/eo41/data-video/minute/S/train/S_20131204_1317_01_segment8.mp4, 1
/scratch/eo41/data-video/minute/S/train/S_20130919_1102_03_segment0.mp4, 1
/scratch/eo41/data-video/minute/S/train/S_20130616_0730_04_segment0.mp4, 1
/scratch/eo41/data-video/minute/S/train/S_20130803_0917_04_segment0.mp4, 1
/scratch/eo41/data-video/minute/S/train/S_20131214_1327_07_segment2.mp4, 1
/scratch/eo41/data-video/minute/S/train/S_20130731_0914_01_segment0.mp4, 1
/scratch/eo41/data-video/minute/S/train/S_20131207_1320_03_segment6.mp4, 1
/scratch/eo41/data-video/minute/S/train/S_20140821_2204_03_segment0.mp4, 1
/scratch/eo41/data-video/minute/S/train/S_20140612_1926_06_segment11.mp4, 1
/scratch/eo41/data-video/minute/S/train/S_20131228_1411_02_segment1.mp4, 1
/scratch/eo41/data-video/minute/S/train/S_20130501_0614_01_segment26.mp4, 1
/scratch/eo41/data-video/minute/S/train/S_20140418_1801_03_segment11.mp4, 1
/scratch/eo41/data-video/minute/S/train/S_20140309_1620_06_segment2.mp4, 1
/scratch/eo41/data-video/minute/S/train/S_20140622_2005_06_segment0.mp4, 1
/scratch/eo41/data-video/minute/S/train/S_20130710_0823_04_segment0.mp4, 1
/scratch/eo41/data-video/minute/S/train/S_20140112_1426_01_segment4.mp4, 1
/scratch/eo41/data-video/minute/S/train/S_20130605_0719_03_segment6.mp4, 1
/scratch/eo41/data-video/minute/S/train/S_20140821_2204_02_segment8.mp4, 1
/scratch/eo41/data-video/minute/S/train/S_20140926_2309_04_segment13.mp4, 1
/scratch/eo41/data-video/minute/S/train/S_20140409_1723_08_segment6.mp4, 1
/scratch/eo41/data-video/minute/S/train/S_20140403_1717_08_segment8.mp4, 1
/scratch/eo41/data-video/minute/S/train/S_20130529_0712_04_segment15.mp4, 1
/scratch/eo41/data-video/minute/S/train/S_20131027_1210_01_segment3.mp4, 1
/scratch/eo41/data-video/minute/S/train/S_20140917_2300_09_segment9.mp4, 1
/scratch/eo41/data-video/minute/S/train/S_20140621_2004_02_segment1.mp4, 1
/scratch/eo41/data-video/minute/S/train/S_20141122_2505_01_segment17.mp4, 1
/scratch/eo41/data-video/minute/S/train/S_20140713_2026_03_segment27.mp4, 1
/scratch/eo41/data-video/minute/S/train/S_20130911_1025_01_segment11.mp4, 1
/scratch/eo41/data-video/minute/S/train/S_20131113_1227_05_segment3.mp4, 1
/scratch/eo41/data-video/minute/S/train/S_20130822_1005_03_segment13.mp4, 1
/scratch/eo41/data-video/minute/S/train/S_20141102_2416_02_segment12.mp4, 1
/scratch/eo41/data-video/minute/S/train/S_20130508_0621_01_segment19.mp4, 1
/scratch/eo41/data-video/minute/S/train/S_20140119_1502_02_segment2.mp4, 1
/scratch/eo41/data-video/minute/S/train/S_20140101_1415_02_segment2.mp4, 1
/scratch/eo41/data-video/minute/S/train/S_20131024_1207_02_segment9.mp4, 1
/scratch/eo41/data-video/minute/S/train/S_20140717_2100_09_segment0.mp4, 1
/scratch/eo41/data-video/minute/S/train/S_20130508_0621_03_segment8.mp4, 1
/scratch/eo41/data-video/minute/S/train/S_20131106_1220_01_segment12.mp4, 1
/scratch/eo41/data-video/minute/S/train/S_20141112_2426_01_segment10.mp4, 1
/scratch/eo41/data-video/minute/S/train/S_20140418_1801_04_segment5.mp4, 1
/scratch/eo41/data-video/minute/S/train/S_20140430_1813_06_segment0.mp4, 1
/scratch/eo41/data-video/minute/S/train/S_20131024_1207_01_segment9.mp4, 1
/scratch/eo41/data-video/minute/S/train/S_20141001_2314_03_segment2.mp4, 1
/scratch/eo41/data-video/minute/S/train/S_20130710_0823_08_segment4.mp4, 1
/scratch/eo41/data-video/minute/S/train/S_20140201_1515_05_segment1.mp4, 1
/scratch/eo41/data-video/minute/S/train/S_20130811_0925_03_segment21.mp4, 1
/scratch/eo41/data-video/minute/S/train/S_20130710_0823_02_segment1.mp4, 1
/scratch/eo41/data-video/minute/S/train/S_20140206_1520_01_segment5.mp4, 1
/scratch/eo41/data-video/minute/S/train/S_20140823_2206_04_segment1.mp4, 1
/scratch/eo41/data-video/minute/S/train/S_20140614_1928_01_segment2.mp4, 1
/scratch/eo41/data-video/minute/S/train/S_20130928_1111_04_segment1.mp4, 1
/scratch/eo41/data-video/minute/S/train/S_20141119_2502_01_segment25.mp4, 1
/scratch/eo41/data-video/minute/S/train/S_20141207_2520_01_segment7.mp4, 1
/scratch/eo41/data-video/minute/S/train/S_20130501_0614_02_segment7.mp4, 1
/scratch/eo41/data-video/minute/S/train/S_20140801_2115_04_segment0.mp4, 1
/scratch/eo41/data-video/minute/S/train/S_20141015_2328_04_segment14.mp4, 1
/scratch/eo41/data-video/minute/S/train/S_20131117_1300_01_segment6.mp4, 1
/scratch/eo41/data-video/minute/S/train/S_20140926_2309_03_segment9.mp4, 1
/scratch/eo41/data-video/minute/S/train/S_20140821_2204_01_segment8.mp4, 1
/scratch/eo41/data-video/minute/S/train/S_20130529_0712_04_segment1.mp4, 1
/scratch/eo41/data-video/minute/S/train/S_20141119_2502_05_segment8.mp4, 1
/scratch/eo41/data-video/minute/S/train/S_20140302_1613_05_segment20.mp4, 1
/scratch/eo41/data-video/minute/S/train/S_20130526_0709_07_segment2.mp4, 1
/scratch/eo41/data-video/minute/S/train/S_20130504_0617_01_segment14.mp4, 1
/scratch/eo41/data-video/minute/S/train/S_20130616_0730_03_segment1.mp4, 1
/scratch/eo41/data-video/minute/S/train/S_20130512_0625_01_segment0.mp4, 1
/scratch/eo41/data-video/minute/S/train/S_20140717_2100_05_segment3.mp4, 1
/scratch/eo41/data-video/minute/S/train/S_20140601_1915_04_segment7.mp4, 1
/scratch/eo41/data-video/minute/S/train/S_20140202_1516_04_segment4.mp4, 1
/scratch/eo41/data-video/minute/S/train/S_20140426_1809_05_segment2.mp4, 1
/scratch/eo41/data-video/minute/S/train/S_20140601_1915_07_segment1.mp4, 1
/scratch/eo41/data-video/minute/S/train/S_20140510_1823_01_segment4.mp4, 1
/scratch/eo41/data-video/minute/S/train/S_20140413_1727_04_segment2.mp4, 1
/scratch/eo41/data-video/minute/S/train/S_20130911_1025_01_segment7.mp4, 1
/scratch/eo41/data-video/minute/S/train/S_20130811_0925_01_segment12.mp4, 1
/scratch/eo41/data-video/minute/S/train/S_20140326_1709_02_segment4.mp4, 1
/scratch/eo41/data-video/minute/S/train/S_20130710_0823_04_segment10.mp4, 1
/scratch/eo41/data-video/minute/S/train/S_20140928_2311_01_segment16.mp4, 1
/scratch/eo41/data-video/minute/S/train/S_20131019_1202_02_segment0.mp4, 1
/scratch/eo41/data-video/minute/S/train/S_20140326_1709_01_segment2.mp4, 1
/scratch/eo41/data-video/minute/S/train/S_20140119_1502_03_segment20.mp4, 1
/scratch/eo41/data-video/minute/S/train/S_20131009_1122_02_segment2.mp4, 1
/scratch/eo41/data-video/minute/S/train/S_20140320_1703_10_segment12.mp4, 1
/scratch/eo41/data-video/minute/S/train/S_20130901_1015_05_segment2.mp4, 1
/scratch/eo41/data-video/minute/S/train/S_20141119_2502_01_segment4.mp4, 1
/scratch/eo41/data-video/minute/S/train/S_20131123_1306_01_segment11.mp4, 1
/scratch/eo41/data-video/minute/S/train/S_20131121_1304_06_segment6.mp4, 1
/scratch/eo41/data-video/minute/S/train/S_20141029_2412_05_segment4.mp4, 1
/scratch/eo41/data-video/minute/S/train/S_20140426_1809_11_segment2.mp4, 1
/scratch/eo41/data-video/minute/S/train/S_20130710_0823_08_segment1.mp4, 1
/scratch/eo41/data-video/minute/S/train/S_20130915_1029_06_segment4.mp4, 1
/scratch/eo41/data-video/minute/S/train/S_20141122_2505_01_segment2.mp4, 1
/scratch/eo41/data-video/minute/S/train/S_20130706_0819_04_segment2.mp4, 1
/scratch/eo41/data-video/minute/S/train/S_20140612_1926_03_segment3.mp4, 1
/scratch/eo41/data-video/minute/S/train/S_20140622_2005_07_segment9.mp4, 1
/scratch/eo41/data-video/minute/S/train/S_20140510_1823_04_segment6.mp4, 1
/scratch/eo41/data-video/minute/S/train/S_20141001_2314_05_segment8.mp4, 1
/scratch/eo41/data-video/minute/S/train/S_20140720_2103_02_segment9.mp4, 1
/scratch/eo41/data-video/minute/S/train/S_20130526_0709_02_segment2.mp4, 1
/scratch/eo41/data-video/minute/S/train/S_20130720_0903_01_segment1.mp4, 1
/scratch/eo41/data-video/minute/S/train/S_20140821_2204_01_segment10.mp4, 1
/scratch/eo41/data-video/minute/S/train/S_20131110_1224_06_segment0.mp4, 1
/scratch/eo41/data-video/minute/S/train/S_20140202_1516_09_segment10.mp4, 1
/scratch/eo41/data-video/minute/S/train/S_20140720_2103_05_segment11.mp4, 1
/scratch/eo41/data-video/minute/S/train/S_20131019_1202_05_segment0.mp4, 1
/scratch/eo41/data-video/minute/S/train/S_20141130_2513_07_segment4.mp4, 1
/scratch/eo41/data-video/minute/S/train/S_20141001_2314_05_segment9.mp4, 1
/scratch/eo41/data-video/minute/S/train/S_20140208_1522_01_segment6.mp4, 1
/scratch/eo41/data-video/minute/S/train/S_20140420_1803_04_segment4.mp4, 1
/scratch/eo41/data-video/minute/S/train/S_20131106_1220_05_segment15.mp4, 1
/scratch/eo41/data-video/minute/S/train/S_20140612_1926_06_segment8.mp4, 1
/scratch/eo41/data-video/minute/S/train/S_20131113_1227_01_segment0.mp4, 1
/scratch/eo41/data-video/minute/S/train/S_20140125_1508_01_segment2.mp4, 1
/scratch/eo41/data-video/minute/S/train/S_20140315_1626_01_segment0.mp4, 1
/scratch/eo41/data-video/minute/S/train/S_20130417_0600_01_segment5.mp4, 1
/scratch/eo41/data-video/minute/S/train/S_20140713_2026_03_segment3.mp4, 1
/scratch/eo41/data-video/minute/S/train/S_20141026_2409_02_segment1.mp4, 1
/scratch/eo41/data-video/minute/S/train/S_20140821_2204_02_segment11.mp4, 1
/scratch/eo41/data-video/minute/S/train/S_20130605_0719_05_segment1.mp4, 1
/scratch/eo41/data-video/minute/S/train/S_20140821_2204_06_segment10.mp4, 1
/scratch/eo41/data-video/minute/S/train/S_20131009_1122_06_segment12.mp4, 1
/scratch/eo41/data-video/minute/S/train/S_20130519_0702_03_segment16.mp4, 1
/scratch/eo41/data-video/minute/S/train/S_20141119_2502_02_segment5.mp4, 1
/scratch/eo41/data-video/minute/S/train/S_20140707_2020_03_segment2.mp4, 1
/scratch/eo41/data-video/minute/S/train/S_20131123_1306_03_segment4.mp4, 1
/scratch/eo41/data-video/minute/S/train/S_20140423_1806_02_segment4.mp4, 1
/scratch/eo41/data-video/minute/S/train/S_20130901_1015_04_segment0.mp4, 1
/scratch/eo41/data-video/minute/S/train/S_20140201_1515_04_segment3.mp4, 1
/scratch/eo41/data-video/minute/S/train/S_20140305_1616_04_segment9.mp4, 1
/scratch/eo41/data-video/minute/S/train/S_20131130_1313_10_segment3.mp4, 1
/scratch/eo41/data-video/minute/S/train/S_20140528_1911_02_segment2.mp4, 1
/scratch/eo41/data-video/minute/S/train/S_20140911_2225_08_segment12.mp4, 1
/scratch/eo41/data-video/minute/S/train/S_20130526_0709_07_segment5.mp4, 1
/scratch/eo41/data-video/minute/S/train/S_20140309_1620_05_segment3.mp4, 1
/scratch/eo41/data-video/minute/S/train/S_20140609_1923_06_segment1.mp4, 1
/scratch/eo41/data-video/minute/S/train/S_20140423_1806_06_segment6.mp4, 1
/scratch/eo41/data-video/minute/S/train/S_20130417_0600_02_segment17.mp4, 1
/scratch/eo41/data-video/minute/S/train/S_20140815_2129_01_segment27.mp4, 1
/scratch/eo41/data-video/minute/S/train/S_20130612_0726_01_segment7.mp4, 1
/scratch/eo41/data-video/minute/S/train/S_20140622_2005_07_segment4.mp4, 1
/scratch/eo41/data-video/minute/S/train/S_20140202_1516_08_segment1.mp4, 1
/scratch/eo41/data-video/minute/S/train/S_20141106_2420_01_segment3.mp4, 1
/scratch/eo41/data-video/minute/S/train/S_20141119_2502_05_segment0.mp4, 1
/scratch/eo41/data-video/minute/S/train/S_20130728_0911_05_segment11.mp4, 1
/scratch/eo41/data-video/minute/S/train/S_20131127_1310_04_segment3.mp4, 1
/scratch/eo41/data-video/minute/S/train/S_20140713_2026_03_segment8.mp4, 1
/scratch/eo41/data-video/minute/S/train/S_20141122_2505_01_segment23.mp4, 1
/scratch/eo41/data-video/minute/S/train/S_20140601_1915_08_segment1.mp4, 1
/scratch/eo41/data-video/minute/S/train/S_20140406_1720_03_segment5.mp4, 1
/scratch/eo41/data-video/minute/S/train/S_20130622_0805_02_segment6.mp4, 1
/scratch/eo41/data-video/minute/S/train/S_20140326_1709_05_segment9.mp4, 1
/scratch/eo41/data-video/minute/S/train/S_20140705_2018_02_segment18.mp4, 1
/scratch/eo41/data-video/minute/S/train/S_20140720_2103_06_segment1.mp4, 1
/scratch/eo41/data-video/minute/S/train/S_20140517_1900_05_segment1.mp4, 1
/scratch/eo41/data-video/minute/S/train/S_20140420_1803_02_segment3.mp4, 1
/scratch/eo41/data-video/minute/S/train/S_20130808_0922_03_segment14.mp4, 1
/scratch/eo41/data-video/minute/S/train/S_20140522_1905_02_segment1.mp4, 1
/scratch/eo41/data-video/minute/S/train/S_20130829_1012_05_segment8.mp4, 1
/scratch/eo41/data-video/minute/S/train/S_20140801_2115_02_segment23.mp4, 1
/scratch/eo41/data-video/minute/S/train/S_20140622_2005_03_segment8.mp4, 1
/scratch/eo41/data-video/minute/S/train/S_20140403_1717_05_segment3.mp4, 1
/scratch/eo41/data-video/minute/S/train/S_20140403_1717_09_segment2.mp4, 1
/scratch/eo41/data-video/minute/S/train/S_20141119_2502_01_segment27.mp4, 1
/scratch/eo41/data-video/minute/S/train/S_20140208_1522_03_segment5.mp4, 1
/scratch/eo41/data-video/minute/S/train/S_20140517_1900_04_segment9.mp4, 1
/scratch/eo41/data-video/minute/S/train/S_20141119_2502_01_segment0.mp4, 1
/scratch/eo41/data-video/minute/S/train/S_20130717_0900_03_segment1.mp4, 1
/scratch/eo41/data-video/minute/S/train/S_20140809_2123_03_segment22.mp4, 1
/scratch/eo41/data-video/minute/S/train/S_20130619_0802_05_segment4.mp4, 1
/scratch/eo41/data-video/minute/S/train/S_20130901_1015_04_segment7.mp4, 1
/scratch/eo41/data-video/minute/S/train/S_20140705_2018_02_segment4.mp4, 1
/scratch/eo41/data-video/minute/S/train/S_20130911_1025_05_segment6.mp4, 1
/scratch/eo41/data-video/minute/S/train/S_20140206_1520_05_segment2.mp4, 1
/scratch/eo41/data-video/minute/S/train/S_20130424_0607_01_segment0.mp4, 1
/scratch/eo41/data-video/minute/S/train/S_20140302_1613_02_segment6.mp4, 1
/scratch/eo41/data-video/minute/S/train/S_20140614_1928_09_segment1.mp4, 1
/scratch/eo41/data-video/minute/S/train/S_20130824_1007_02_segment12.mp4, 1
/scratch/eo41/data-video/minute/S/train/S_20131106_1220_05_segment8.mp4, 1
/scratch/eo41/data-video/minute/S/train/S_20140614_1928_04_segment0.mp4, 1
/scratch/eo41/data-video/minute/S/train/S_20140202_1516_07_segment4.mp4, 1
/scratch/eo41/data-video/minute/S/train/S_20131204_1317_02_segment11.mp4, 1
/scratch/eo41/data-video/minute/S/train/S_20130612_0726_03_segment6.mp4, 1
/scratch/eo41/data-video/minute/S/train/S_20131110_1224_05_segment5.mp4, 1
/scratch/eo41/data-video/minute/S/train/S_20140418_1801_04_segment8.mp4, 1
/scratch/eo41/data-video/minute/S/train/S_20131121_1304_05_segment0.mp4, 1
/scratch/eo41/data-video/minute/S/train/S_20140605_1919_02_segment13.mp4, 1
/scratch/eo41/data-video/minute/S/train/S_20141001_2314_03_segment10.mp4, 1
/scratch/eo41/data-video/minute/S/train/S_20130428_0611_03_segment11.mp4, 1
/scratch/eo41/data-video/minute/S/train/S_20130822_1005_04_segment2.mp4, 1
/scratch/eo41/data-video/minute/S/train/S_20130811_0925_04_segment3.mp4, 1
/scratch/eo41/data-video/minute/S/train/S_20141112_2426_02_segment1.mp4, 1
/scratch/eo41/data-video/minute/S/train/S_20140717_2100_07_segment5.mp4, 1
/scratch/eo41/data-video/minute/S/train/S_20140717_2100_09_segment8.mp4, 1
/scratch/eo41/data-video/minute/S/train/S_20140618_2001_04_segment0.mp4, 1
/scratch/eo41/data-video/minute/S/train/S_20141019_2402_04_segment10.mp4, 1
/scratch/eo41/data-video/minute/S/train/S_20140821_2204_08_segment0.mp4, 1
/scratch/eo41/data-video/minute/S/train/S_20140917_2300_04_segment4.mp4, 1
/scratch/eo41/data-video/minute/S/train/S_20141119_2502_03_segment28.mp4, 1
/scratch/eo41/data-video/minute/S/train/S_20131207_1320_04_segment3.mp4, 1
/scratch/eo41/data-video/minute/S/train/S_20141108_2422_01_segment15.mp4, 1
/scratch/eo41/data-video/minute/S/train/S_20131103_1217_03_segment1.mp4, 1
/scratch/eo41/data-video/minute/S/train/S_20130811_0925_05_segment2.mp4, 1
/scratch/eo41/data-video/minute/S/train/S_20130428_0611_01_segment15.mp4, 1
/scratch/eo41/data-video/minute/S/train/S_20140104_1418_03_segment1.mp4, 1
/scratch/eo41/data-video/minute/S/train/S_20140528_1911_01_segment12.mp4, 1
/scratch/eo41/data-video/minute/S/train/S_20140202_1516_09_segment15.mp4, 1
/scratch/eo41/data-video/minute/S/train/S_20131130_1313_01_segment10.mp4, 1
/scratch/eo41/data-video/minute/S/train/S_20130928_1111_01_segment8.mp4, 1
/scratch/eo41/data-video/minute/S/train/S_20140605_1919_01_segment15.mp4, 1
/scratch/eo41/data-video/minute/S/train/S_20140609_1923_02_segment1.mp4, 1
/scratch/eo41/data-video/minute/S/train/S_20130504_0617_02_segment16.mp4, 1
/scratch/eo41/data-video/minute/S/train/S_20131121_1304_03_segment9.mp4, 1
/scratch/eo41/data-video/minute/S/train/S_20140828_2211_04_segment5.mp4, 1
/scratch/eo41/data-video/minute/S/train/S_20131127_1310_05_segment15.mp4, 1
/scratch/eo41/data-video/minute/S/train/S_20140913_2227_04_segment23.mp4, 1
/scratch/eo41/data-video/minute/S/train/S_20131110_1224_07_segment4.mp4, 1
/scratch/eo41/data-video/minute/S/train/S_20140112_1426_03_segment0.mp4, 1
/scratch/eo41/data-video/minute/S/train/S_20130803_0917_03_segment0.mp4, 1
/scratch/eo41/data-video/minute/S/train/S_20140101_1415_02_segment9.mp4, 1
/scratch/eo41/data-video/minute/S/train/S_20140508_1821_02_segment17.mp4, 1
/scratch/eo41/data-video/minute/S/train/S_20140926_2309_04_segment2.mp4, 1
/scratch/eo41/data-video/minute/S/train/S_20140720_2103_01_segment16.mp4, 1
/scratch/eo41/data-video/minute/S/train/S_20140614_1928_03_segment9.mp4, 1
/scratch/eo41/data-video/minute/S/train/S_20140430_1813_02_segment17.mp4, 1
/scratch/eo41/data-video/minute/S/train/S_20130522_0705_02_segment1.mp4, 1
/scratch/eo41/data-video/minute/S/train/S_20130720_0903_05_segment11.mp4, 1
/scratch/eo41/data-video/minute/S/train/S_20131204_1317_01_segment9.mp4, 1
/scratch/eo41/data-video/minute/S/train/S_20141116_2430_02_segment6.mp4, 1
/scratch/eo41/data-video/minute/S/train/S_20141029_2412_03_segment8.mp4, 1
/scratch/eo41/data-video/minute/S/train/S_20141112_2426_01_segment2.mp4, 1
/scratch/eo41/data-video/minute/S/train/S_20141026_2409_02_segment17.mp4, 1
/scratch/eo41/data-video/minute/S/train/S_20141025_2408_01_segment12.mp4, 1
/scratch/eo41/data-video/minute/S/train/S_20130814_0928_03_segment8.mp4, 1
/scratch/eo41/data-video/minute/S/train/S_20131117_1300_02_segment3.mp4, 1
/scratch/eo41/data-video/minute/S/train/S_20141001_2314_02_segment3.mp4, 1
/scratch/eo41/data-video/minute/S/train/S_20140423_1806_07_segment4.mp4, 1
/scratch/eo41/data-video/minute/S/train/S_20131012_1125_03_segment6.mp4, 1
/scratch/eo41/data-video/minute/S/train/S_20131228_1411_03_segment3.mp4, 1
/scratch/eo41/data-video/minute/S/train/S_20141015_2328_02_segment5.mp4, 1
/scratch/eo41/data-video/minute/S/train/S_20140202_1516_01_segment0.mp4, 1
/scratch/eo41/data-video/minute/S/train/S_20130612_0726_02_segment9.mp4, 1
/scratch/eo41/data-video/minute/S/train/S_20130808_0922_05_segment0.mp4, 1
/scratch/eo41/data-video/minute/S/train/S_20140107_1421_03_segment12.mp4, 1
/scratch/eo41/data-video/minute/S/train/S_20140123_1506_04_segment10.mp4, 1
/scratch/eo41/data-video/minute/S/train/S_20140917_2300_05_segment4.mp4, 1
/scratch/eo41/data-video/minute/S/train/S_20140403_1717_06_segment2.mp4, 1
/scratch/eo41/data-video/minute/S/train/S_20130717_0900_02_segment8.mp4, 1
/scratch/eo41/data-video/minute/S/train/S_20130717_0900_01_segment6.mp4, 1
/scratch/eo41/data-video/minute/S/train/S_20141122_2505_01_segment25.mp4, 1
/scratch/eo41/data-video/minute/S/train/S_20130728_0911_04_segment6.mp4, 1
/scratch/eo41/data-video/minute/S/train/S_20130731_0914_01_segment8.mp4, 1
/scratch/eo41/data-video/minute/S/train/S_20131003_1116_01_segment6.mp4, 1
/scratch/eo41/data-video/minute/S/train/S_20131207_1320_01_segment3.mp4, 1
/scratch/eo41/data-video/minute/S/train/S_20130901_1015_04_segment16.mp4, 1
/scratch/eo41/data-video/minute/S/train/S_20140524_1907_02_segment4.mp4, 1
/scratch/eo41/data-video/minute/S/train/S_20140413_1727_01_segment1.mp4, 1
/scratch/eo41/data-video/minute/S/train/S_20140618_2001_02_segment12.mp4, 1
/scratch/eo41/data-video/minute/S/train/S_20140611_1925_03_segment5.mp4, 1
/scratch/eo41/data-video/minute/S/train/S_20140821_2204_02_segment0.mp4, 1
/scratch/eo41/data-video/minute/S/train/S_20140413_1727_04_segment12.mp4, 1
/scratch/eo41/data-video/minute/S/train/S_20130714_0827_02_segment0.mp4, 1
/scratch/eo41/data-video/minute/S/train/S_20130922_1105_05_segment6.mp4, 1
/scratch/eo41/data-video/minute/S/train/S_20140705_2018_02_segment21.mp4, 1
/scratch/eo41/data-video/minute/S/train/S_20130818_1001_03_segment1.mp4, 1
/scratch/eo41/data-video/minute/S/train/S_20141015_2328_04_segment20.mp4, 1
/scratch/eo41/data-video/minute/S/train/S_20140609_1923_01_segment3.mp4, 1
/scratch/eo41/data-video/minute/S/train/S_20140809_2123_02_segment1.mp4, 1
/scratch/eo41/data-video/minute/S/train/S_20130803_0917_04_segment9.mp4, 1
/scratch/eo41/data-video/minute/S/train/S_20130706_0819_03_segment0.mp4, 1
/scratch/eo41/data-video/minute/S/train/S_20130428_0611_01_segment25.mp4, 1
/scratch/eo41/data-video/minute/S/train/S_20141119_2502_01_segment19.mp4, 1
/scratch/eo41/data-video/minute/S/train/S_20141025_2408_01_segment1.mp4, 1
/scratch/eo41/data-video/minute/S/train/S_20141119_2502_02_segment9.mp4, 1
/scratch/eo41/data-video/minute/S/train/S_20140917_2300_01_segment1.mp4, 1
/scratch/eo41/data-video/minute/S/train/S_20130818_1001_01_segment1.mp4, 1
/scratch/eo41/data-video/minute/S/train/S_20130421_0604_01_segment1.mp4, 1
/scratch/eo41/data-video/minute/S/train/S_20140717_2100_09_segment10.mp4, 1
/scratch/eo41/data-video/minute/S/train/S_20140823_2206_03_segment4.mp4, 1
/scratch/eo41/data-video/minute/S/train/S_20130529_0712_03_segment5.mp4, 1
/scratch/eo41/data-video/minute/S/train/S_20140212_1526_03_segment1.mp4, 1
/scratch/eo41/data-video/minute/S/train/S_20140717_2100_05_segment1.mp4, 1
/scratch/eo41/data-video/minute/S/train/S_20130608_0722_05_segment11.mp4, 1
/scratch/eo41/data-video/minute/S/train/S_20140426_1809_01_segment16.mp4, 1
/scratch/eo41/data-video/minute/S/train/S_20130814_0928_03_segment6.mp4, 1
/scratch/eo41/data-video/minute/S/train/S_20140911_2225_02_segment10.mp4, 1
/scratch/eo41/data-video/minute/S/train/S_20131127_1310_05_segment20.mp4, 1
/scratch/eo41/data-video/minute/S/train/S_20140622_2005_04_segment9.mp4, 1
/scratch/eo41/data-video/minute/S/train/S_20130504_0617_01_segment27.mp4, 1
/scratch/eo41/data-video/minute/S/train/S_20141019_2402_02_segment4.mp4, 1
/scratch/eo41/data-video/minute/S/train/S_20140503_1816_02_segment15.mp4, 1
/scratch/eo41/data-video/minute/S/train/S_20140913_2227_10_segment0.mp4, 1
/scratch/eo41/data-video/minute/S/train/S_20140426_1809_02_segment5.mp4, 1
/scratch/eo41/data-video/minute/S/train/S_20140618_2001_01_segment1.mp4, 1
/scratch/eo41/data-video/minute/S/train/S_20140101_1415_02_segment0.mp4, 1
/scratch/eo41/data-video/minute/S/train/S_20140903_2217_06_segment8.mp4, 1
/scratch/eo41/data-video/minute/S/train/S_20140517_1900_05_segment0.mp4, 1
/scratch/eo41/data-video/minute/S/train/S_20140720_2103_04_segment4.mp4, 1
/scratch/eo41/data-video/minute/S/train/S_20140220_1603_01_segment9.mp4, 1
/scratch/eo41/data-video/minute/S/train/S_20130616_0730_08_segment6.mp4, 1
/scratch/eo41/data-video/minute/S/train/S_20130714_0827_07_segment5.mp4, 1
/scratch/eo41/data-video/minute/S/train/S_20140713_2026_02_segment8.mp4, 1
/scratch/eo41/data-video/minute/S/train/S_20130622_0805_06_segment10.mp4, 1
/scratch/eo41/data-video/minute/S/train/S_20140503_1816_02_segment10.mp4, 1
/scratch/eo41/data-video/minute/S/train/S_20140823_2206_01_segment6.mp4, 1
/scratch/eo41/data-video/minute/S/train/S_20130424_0607_01_segment16.mp4, 1
/scratch/eo41/data-video/minute/S/train/S_20141129_2512_01_segment15.mp4, 1
/scratch/eo41/data-video/minute/S/train/S_20140312_1623_02_segment20.mp4, 1
/scratch/eo41/data-video/minute/S/train/S_20140510_1823_01_segment11.mp4, 1
/scratch/eo41/data-video/minute/S/train/S_20131221_1404_08_segment6.mp4, 1
/scratch/eo41/data-video/minute/S/train/S_20130925_1108_02_segment10.mp4, 1
/scratch/eo41/data-video/minute/S/train/S_20140830_2213_05_segment0.mp4, 1
/scratch/eo41/data-video/minute/S/train/S_20140119_1502_02_segment5.mp4, 1
/scratch/eo41/data-video/minute/S/train/S_20140705_2018_02_segment15.mp4, 1
/scratch/eo41/data-video/minute/S/train/S_20130925_1108_02_segment6.mp4, 1
/scratch/eo41/data-video/minute/S/train/S_20140907_2221_02_segment1.mp4, 1
/scratch/eo41/data-video/minute/S/train/S_20130504_0617_02_segment17.mp4, 1
/scratch/eo41/data-video/minute/S/train/S_20131106_1220_01_segment15.mp4, 1
/scratch/eo41/data-video/minute/S/train/S_20130808_0922_05_segment8.mp4, 1
/scratch/eo41/data-video/minute/S/train/S_20140326_1709_04_segment1.mp4, 1
/scratch/eo41/data-video/minute/S/train/S_20141001_2314_03_segment3.mp4, 1
/scratch/eo41/data-video/minute/S/train/S_20140206_1520_02_segment5.mp4, 1
/scratch/eo41/data-video/minute/S/train/S_20140828_2211_03_segment11.mp4, 1
/scratch/eo41/data-video/minute/S/train/S_20140119_1502_02_segment1.mp4, 1
/scratch/eo41/data-video/minute/S/train/S_20140227_1610_01_segment7.mp4, 1
/scratch/eo41/data-video/minute/S/train/S_20131019_1202_05_segment9.mp4, 1
/scratch/eo41/data-video/minute/S/train/S_20130703_0816_04_segment2.mp4, 1
/scratch/eo41/data-video/minute/S/train/S_20141206_2519_04_segment18.mp4, 1
/scratch/eo41/data-video/minute/S/train/S_20140101_1415_01_segment1.mp4, 1
/scratch/eo41/data-video/minute/S/train/S_20130417_0600_01_segment14.mp4, 1
/scratch/eo41/data-video/minute/S/train/S_20130602_0716_01_segment3.mp4, 1
/scratch/eo41/data-video/minute/S/train/S_20140403_1717_10_segment1.mp4, 1
/scratch/eo41/data-video/minute/S/train/S_20140320_1703_10_segment18.mp4, 1
/scratch/eo41/data-video/minute/S/train/S_20140212_1526_07_segment23.mp4, 1
/scratch/eo41/data-video/minute/S/train/S_20140409_1723_08_segment4.mp4, 1
/scratch/eo41/data-video/minute/S/train/S_20131130_1313_05_segment3.mp4, 1
/scratch/eo41/data-video/minute/S/train/S_20141023_2406_02_segment29.mp4, 1
/scratch/eo41/data-video/minute/S/train/S_20140628_2011_01_segment1.mp4, 1
/scratch/eo41/data-video/minute/S/train/S_20140112_1426_03_segment2.mp4, 1
/scratch/eo41/data-video/minute/S/train/S_20130717_0900_05_segment0.mp4, 1
/scratch/eo41/data-video/minute/S/train/S_20131031_1214_02_segment4.mp4, 1
/scratch/eo41/data-video/minute/S/train/S_20140418_1801_02_segment12.mp4, 1
/scratch/eo41/data-video/minute/S/train/S_20140823_2206_01_segment3.mp4, 1
/scratch/eo41/data-video/minute/S/train/S_20140911_2225_09_segment5.mp4, 1
/scratch/eo41/data-video/minute/S/train/S_20140125_1508_02_segment8.mp4, 1
/scratch/eo41/data-video/minute/S/train/S_20140112_1426_04_segment6.mp4, 1
/scratch/eo41/data-video/minute/S/train/S_20140104_1418_01_segment6.mp4, 1
/scratch/eo41/data-video/minute/S/train/S_20140614_1928_09_segment12.mp4, 1
/scratch/eo41/data-video/minute/S/train/S_20130630_0813_04_segment6.mp4, 1
/scratch/eo41/data-video/minute/S/train/S_20141119_2502_01_segment26.mp4, 1
/scratch/eo41/data-video/minute/S/train/S_20140720_2103_05_segment1.mp4, 1
/scratch/eo41/data-video/minute/S/train/S_20140821_2204_01_segment6.mp4, 1
/scratch/eo41/data-video/minute/S/train/S_20130714_0827_03_segment2.mp4, 1
/scratch/eo41/data-video/minute/S/train/S_20140430_1813_02_segment2.mp4, 1
/scratch/eo41/data-video/minute/S/train/S_20140622_2005_06_segment18.mp4, 1
/scratch/eo41/data-video/minute/S/train/S_20140418_1801_04_segment4.mp4, 1
/scratch/eo41/data-video/minute/S/train/S_20140828_2211_02_segment20.mp4, 1
/scratch/eo41/data-video/minute/S/train/S_20140821_2204_02_segment16.mp4, 1
/scratch/eo41/data-video/minute/S/train/S_20131009_1122_01_segment13.mp4, 1
/scratch/eo41/data-video/minute/S/train/S_20140601_1915_01_segment11.mp4, 1
/scratch/eo41/data-video/minute/S/train/S_20140622_2005_08_segment2.mp4, 1
/scratch/eo41/data-video/minute/S/train/S_20141004_2317_04_segment0.mp4, 1
/scratch/eo41/data-video/minute/S/train/S_20130922_1105_03_segment3.mp4, 1
/scratch/eo41/data-video/minute/S/train/S_20140514_1827_04_segment1.mp4, 1
/scratch/eo41/data-video/minute/S/train/S_20140430_1813_05_segment10.mp4, 1
/scratch/eo41/data-video/minute/S/train/S_20131009_1122_03_segment0.mp4, 1
/scratch/eo41/data-video/minute/S/train/S_20141206_2519_05_segment11.mp4, 1
/scratch/eo41/data-video/minute/S/train/S_20131127_1310_05_segment19.mp4, 1
/scratch/eo41/data-video/minute/S/train/S_20140618_2001_05_segment17.mp4, 1
/scratch/eo41/data-video/minute/S/train/S_20140227_1610_02_segment6.mp4, 1
/scratch/eo41/data-video/minute/S/train/S_20140605_1919_02_segment15.mp4, 1
/scratch/eo41/data-video/minute/S/train/S_20141129_2512_01_segment19.mp4, 1
/scratch/eo41/data-video/minute/S/train/S_20141004_2317_05_segment6.mp4, 1
/scratch/eo41/data-video/minute/S/train/S_20141023_2406_02_segment10.mp4, 1
/scratch/eo41/data-video/minute/S/train/S_20130522_0705_06_segment4.mp4, 1
/scratch/eo41/data-video/minute/S/train/S_20141018_2401_01_segment2.mp4, 1
/scratch/eo41/data-video/minute/S/train/S_20131031_1214_02_segment1.mp4, 1
/scratch/eo41/data-video/minute/S/train/S_20130522_0705_07_segment4.mp4, 1
/scratch/eo41/data-video/minute/S/train/S_20140821_2204_06_segment7.mp4, 1
/scratch/eo41/data-video/minute/S/train/S_20141004_2317_04_segment1.mp4, 1
/scratch/eo41/data-video/minute/S/train/S_20140418_1801_02_segment14.mp4, 1
/scratch/eo41/data-video/minute/S/train/S_20131110_1224_04_segment1.mp4, 1
/scratch/eo41/data-video/minute/S/train/S_20141023_2406_03_segment3.mp4, 1
/scratch/eo41/data-video/minute/S/train/S_20131027_1210_02_segment22.mp4, 1
/scratch/eo41/data-video/minute/S/train/S_20140612_1926_03_segment1.mp4, 1
/scratch/eo41/data-video/minute/S/train/S_20140305_1616_03_segment1.mp4, 1
/scratch/eo41/data-video/minute/S/train/S_20140112_1426_03_segment4.mp4, 1
/scratch/eo41/data-video/minute/S/train/S_20131031_1214_05_segment8.mp4, 1
/scratch/eo41/data-video/minute/S/train/S_20140824_2207_01_segment11.mp4, 1
/scratch/eo41/data-video/minute/S/train/S_20130428_0611_02_segment19.mp4, 1
/scratch/eo41/data-video/minute/S/train/S_20140215_1529_04_segment6.mp4, 1
/scratch/eo41/data-video/minute/S/train/S_20130824_1007_01_segment26.mp4, 1
/scratch/eo41/data-video/minute/S/train/S_20140215_1529_02_segment3.mp4, 1
/scratch/eo41/data-video/minute/S/train/S_20140911_2225_09_segment2.mp4, 1
/scratch/eo41/data-video/minute/S/train/S_20141206_2519_04_segment0.mp4, 1
/scratch/eo41/data-video/minute/S/train/S_20130706_0819_04_segment3.mp4, 1
/scratch/eo41/data-video/minute/S/train/S_20141116_2430_01_segment6.mp4, 1
/scratch/eo41/data-video/minute/S/train/S_20130515_0628_01_segment4.mp4, 1
/scratch/eo41/data-video/minute/S/train/S_20140420_1803_02_segment6.mp4, 1
/scratch/eo41/data-video/minute/S/train/S_20131207_1320_03_segment4.mp4, 1
/scratch/eo41/data-video/minute/S/train/S_20130908_1022_01_segment1.mp4, 1
/scratch/eo41/data-video/minute/S/train/S_20140717_2100_07_segment1.mp4, 1
/scratch/eo41/data-video/minute/S/train/S_20130622_0805_02_segment9.mp4, 1
/scratch/eo41/data-video/minute/S/train/S_20130529_0712_05_segment3.mp4, 1
/scratch/eo41/data-video/minute/S/train/S_20130504_0617_01_segment11.mp4, 1
/scratch/eo41/data-video/minute/S/train/S_20140212_1526_07_segment18.mp4, 1
/scratch/eo41/data-video/minute/S/train/S_20131204_1317_02_segment8.mp4, 1
/scratch/eo41/data-video/minute/S/train/S_20140305_1616_05_segment4.mp4, 1
/scratch/eo41/data-video/minute/S/train/S_20140710_2023_01_segment7.mp4, 1
/scratch/eo41/data-video/minute/S/train/S_20131103_1217_02_segment1.mp4, 1
/scratch/eo41/data-video/minute/S/train/S_20140729_2112_03_segment6.mp4, 1
/scratch/eo41/data-video/minute/S/train/S_20140403_1717_07_segment4.mp4, 1
/scratch/eo41/data-video/minute/S/train/S_20140828_2211_02_segment16.mp4, 1
/scratch/eo41/data-video/minute/S/train/S_20131003_1116_05_segment1.mp4, 1
/scratch/eo41/data-video/minute/S/train/S_20141011_2324_05_segment2.mp4, 1
/scratch/eo41/data-video/minute/S/train/S_20141023_2406_02_segment4.mp4, 1
/scratch/eo41/data-video/minute/S/train/S_20130602_0716_03_segment6.mp4, 1
/scratch/eo41/data-video/minute/S/train/S_20140202_1516_03_segment0.mp4, 1
/scratch/eo41/data-video/minute/S/train/S_20141001_2314_05_segment3.mp4, 1
/scratch/eo41/data-video/minute/S/train/S_20140208_1522_03_segment7.mp4, 1
/scratch/eo41/data-video/minute/S/train/S_20140409_1723_05_segment3.mp4, 1
/scratch/eo41/data-video/minute/S/train/S_20130829_1012_03_segment10.mp4, 1
/scratch/eo41/data-video/minute/S/train/S_20140107_1421_03_segment9.mp4, 1
/scratch/eo41/data-video/minute/S/train/S_20140830_2213_05_segment5.mp4, 1
/scratch/eo41/data-video/minute/S/train/S_20131106_1220_03_segment3.mp4, 1
/scratch/eo41/data-video/minute/S/train/S_20140326_1709_01_segment12.mp4, 1
/scratch/eo41/data-video/minute/S/train/S_20140806_2120_05_segment1.mp4, 1
/scratch/eo41/data-video/minute/S/train/S_20131003_1116_03_segment9.mp4, 1
/scratch/eo41/data-video/minute/S/train/S_20130822_1005_03_segment2.mp4, 1
/scratch/eo41/data-video/minute/S/train/S_20141019_2402_04_segment19.mp4, 1
/scratch/eo41/data-video/minute/S/train/S_20131003_1116_01_segment5.mp4, 1
/scratch/eo41/data-video/minute/S/train/S_20141119_2502_01_segment12.mp4, 1
/scratch/eo41/data-video/minute/S/train/S_20140926_2309_03_segment6.mp4, 1
/scratch/eo41/data-video/minute/S/train/S_20130512_0625_01_segment5.mp4, 1
/scratch/eo41/data-video/minute/S/train/S_20140926_2309_02_segment3.mp4, 1
/scratch/eo41/data-video/minute/S/train/S_20141207_2520_04_segment4.mp4, 1
/scratch/eo41/data-video/minute/S/train/S_20140125_1508_01_segment11.mp4, 1
/scratch/eo41/data-video/minute/S/train/S_20141004_2317_04_segment2.mp4, 1
/scratch/eo41/data-video/minute/S/train/S_20130428_0611_01_segment14.mp4, 1
/scratch/eo41/data-video/minute/S/train/S_20141023_2406_02_segment5.mp4, 1
/scratch/eo41/data-video/minute/S/train/S_20130622_0805_03_segment9.mp4, 1
/scratch/eo41/data-video/minute/S/train/S_20140101_1415_05_segment13.mp4, 1
/scratch/eo41/data-video/minute/S/train/S_20130925_1108_03_segment0.mp4, 1
/scratch/eo41/data-video/minute/S/train/S_20130925_1108_02_segment3.mp4, 1
/scratch/eo41/data-video/minute/S/train/S_20140611_1925_08_segment1.mp4, 1
/scratch/eo41/data-video/minute/S/train/S_20141206_2519_04_segment8.mp4, 1
/scratch/eo41/data-video/minute/S/train/S_20141011_2324_01_segment10.mp4, 1
/scratch/eo41/data-video/minute/S/train/S_20140917_2300_05_segment3.mp4, 1
/scratch/eo41/data-video/minute/S/train/S_20140514_1827_03_segment0.mp4, 1
/scratch/eo41/data-video/minute/S/train/S_20130519_0702_01_segment8.mp4, 1
/scratch/eo41/data-video/minute/S/train/S_20140612_1926_01_segment3.mp4, 1
/scratch/eo41/data-video/minute/S/train/S_20131031_1214_03_segment2.mp4, 1
/scratch/eo41/data-video/minute/S/train/S_20140125_1508_02_segment11.mp4, 1
/scratch/eo41/data-video/minute/S/train/S_20130529_0712_03_segment13.mp4, 1
/scratch/eo41/data-video/minute/S/train/S_20130731_0914_06_segment2.mp4, 1
/scratch/eo41/data-video/minute/S/train/S_20130908_1022_07_segment0.mp4, 1
/scratch/eo41/data-video/minute/S/train/S_20131106_1220_03_segment8.mp4, 1
/scratch/eo41/data-video/minute/S/train/S_20130508_0621_01_segment26.mp4, 1
/scratch/eo41/data-video/minute/S/train/S_20130822_1005_02_segment8.mp4, 1
/scratch/eo41/data-video/minute/S/train/S_20140125_1508_02_segment16.mp4, 1
/scratch/eo41/data-video/minute/S/train/S_20141116_2430_02_segment3.mp4, 1
/scratch/eo41/data-video/minute/S/train/S_20130622_0805_03_segment13.mp4, 1
/scratch/eo41/data-video/minute/S/train/S_20130526_0709_04_segment3.mp4, 1
/scratch/eo41/data-video/minute/S/train/S_20130602_0716_07_segment3.mp4, 1
/scratch/eo41/data-video/minute/S/train/S_20131103_1217_01_segment10.mp4, 1
/scratch/eo41/data-video/minute/S/train/S_20131130_1313_03_segment6.mp4, 1
/scratch/eo41/data-video/minute/S/train/S_20140618_2001_01_segment16.mp4, 1
/scratch/eo41/data-video/minute/S/train/S_20141207_2520_03_segment0.mp4, 1
/scratch/eo41/data-video/minute/S/train/S_20130803_0917_03_segment5.mp4, 1
/scratch/eo41/data-video/minute/S/train/S_20140413_1727_03_segment0.mp4, 1
/scratch/eo41/data-video/minute/S/train/S_20140212_1526_05_segment1.mp4, 1
/scratch/eo41/data-video/minute/S/train/S_20130925_1108_04_segment6.mp4, 1
/scratch/eo41/data-video/minute/S/train/S_20140222_1605_05_segment6.mp4, 1
/scratch/eo41/data-video/minute/S/train/S_20131207_1320_05_segment9.mp4, 1
/scratch/eo41/data-video/minute/S/train/S_20130630_0813_04_segment5.mp4, 1
/scratch/eo41/data-video/minute/S/train/S_20140326_1709_06_segment1.mp4, 1
/scratch/eo41/data-video/minute/S/train/S_20140713_2026_03_segment5.mp4, 1
/scratch/eo41/data-video/minute/S/train/S_20140609_1923_02_segment10.mp4, 1
/scratch/eo41/data-video/minute/S/train/S_20140320_1703_10_segment16.mp4, 1
/scratch/eo41/data-video/minute/S/train/S_20140503_1816_07_segment1.mp4, 1
/scratch/eo41/data-video/minute/S/train/S_20130731_0914_02_segment3.mp4, 1
/scratch/eo41/data-video/minute/S/train/S_20140705_2018_02_segment10.mp4, 1
/scratch/eo41/data-video/minute/S/train/S_20140917_2300_09_segment6.mp4, 1
/scratch/eo41/data-video/minute/S/train/S_20131121_1304_06_segment1.mp4, 1
/scratch/eo41/data-video/minute/S/train/S_20140717_2100_09_segment4.mp4, 1
/scratch/eo41/data-video/minute/S/train/S_20140510_1823_07_segment8.mp4, 1
/scratch/eo41/data-video/minute/S/train/S_20140911_2225_02_segment0.mp4, 1
/scratch/eo41/data-video/minute/S/train/S_20140426_1809_09_segment0.mp4, 1
/scratch/eo41/data-video/minute/S/train/S_20130925_1108_04_segment3.mp4, 1
/scratch/eo41/data-video/minute/S/train/S_20130928_1111_05_segment1.mp4, 1
/scratch/eo41/data-video/minute/S/train/S_20130526_0709_07_segment4.mp4, 1
/scratch/eo41/data-video/minute/S/train/S_20140628_2011_06_segment4.mp4, 1
/scratch/eo41/data-video/minute/S/train/S_20130608_0722_03_segment8.mp4, 1
/scratch/eo41/data-video/minute/S/train/S_20130519_0702_02_segment1.mp4, 1
/scratch/eo41/data-video/minute/S/train/S_20130421_0604_03_segment21.mp4, 1
/scratch/eo41/data-video/minute/S/train/S_20140928_2311_02_segment26.mp4, 1
/scratch/eo41/data-video/minute/S/train/S_20131106_1220_01_segment13.mp4, 1
/scratch/eo41/data-video/minute/S/train/S_20130515_0628_01_segment12.mp4, 1
/scratch/eo41/data-video/minute/S/train/S_20130630_0813_05_segment1.mp4, 1
/scratch/eo41/data-video/minute/S/train/S_20131017_1200_02_segment1.mp4, 1
/scratch/eo41/data-video/minute/S/train/S_20140212_1526_08_segment2.mp4, 1
/scratch/eo41/data-video/minute/S/train/S_20131017_1200_02_segment9.mp4, 1
/scratch/eo41/data-video/minute/S/train/S_20130908_1022_04_segment10.mp4, 1
/scratch/eo41/data-video/minute/S/train/S_20140809_2123_01_segment3.mp4, 1
/scratch/eo41/data-video/minute/S/train/S_20140312_1623_03_segment4.mp4, 1
/scratch/eo41/data-video/minute/S/train/S_20131207_1320_02_segment1.mp4, 1
/scratch/eo41/data-video/minute/S/train/S_20141119_2502_02_segment4.mp4, 1
/scratch/eo41/data-video/minute/S/train/S_20141015_2328_01_segment4.mp4, 1
/scratch/eo41/data-video/minute/S/train/S_20140423_1806_03_segment6.mp4, 1
/scratch/eo41/data-video/minute/S/train/S_20140222_1605_02_segment7.mp4, 1
/scratch/eo41/data-video/minute/S/train/S_20141130_2513_04_segment2.mp4, 1
/scratch/eo41/data-video/minute/S/train/S_20130630_0813_04_segment2.mp4, 1
/scratch/eo41/data-video/minute/S/train/S_20140308_1619_02_segment0.mp4, 1
/scratch/eo41/data-video/minute/S/train/S_20140510_1823_04_segment1.mp4, 1
/scratch/eo41/data-video/minute/S/train/S_20140528_1911_02_segment1.mp4, 1
/scratch/eo41/data-video/minute/S/train/S_20130703_0816_01_segment6.mp4, 1
/scratch/eo41/data-video/minute/S/train/S_20141119_2502_03_segment1.mp4, 1
/scratch/eo41/data-video/minute/S/train/S_20140322_1705_03_segment17.mp4, 1
/scratch/eo41/data-video/minute/S/train/S_20140906_2220_03_segment0.mp4, 1
/scratch/eo41/data-video/minute/S/train/S_20140622_2005_04_segment2.mp4, 1
/scratch/eo41/data-video/minute/S/train/S_20140423_1806_04_segment1.mp4, 1
/scratch/eo41/data-video/minute/S/train/S_20140824_2207_04_segment1.mp4, 1
/scratch/eo41/data-video/minute/S/train/S_20141129_2512_02_segment3.mp4, 1
/scratch/eo41/data-video/minute/S/train/S_20141119_2502_05_segment5.mp4, 1
/scratch/eo41/data-video/minute/S/train/S_20140921_2304_03_segment1.mp4, 1
/scratch/eo41/data-video/minute/S/train/S_20140405_1719_03_segment10.mp4, 1
/scratch/eo41/data-video/minute/S/train/S_20140129_1512_01_segment5.mp4, 1
/scratch/eo41/data-video/minute/S/train/S_20140107_1421_06_segment7.mp4, 1
/scratch/eo41/data-video/minute/S/train/S_20140801_2115_04_segment7.mp4, 1
/scratch/eo41/data-video/minute/S/train/S_20131027_1210_04_segment1.mp4, 1
/scratch/eo41/data-video/minute/S/train/S_20140107_1421_02_segment6.mp4, 1
/scratch/eo41/data-video/minute/S/train/S_20140903_2217_01_segment8.mp4, 1
/scratch/eo41/data-video/minute/S/train/S_20130824_1007_01_segment6.mp4, 1
/scratch/eo41/data-video/minute/S/train/S_20131218_1401_04_segment1.mp4, 1
/scratch/eo41/data-video/minute/S/train/S_20131106_1220_05_segment3.mp4, 1
/scratch/eo41/data-video/minute/S/train/S_20140528_1911_01_segment3.mp4, 1
/scratch/eo41/data-video/minute/S/train/S_20140806_2120_04_segment15.mp4, 1
/scratch/eo41/data-video/minute/S/train/S_20131130_1313_06_segment2.mp4, 1
/scratch/eo41/data-video/minute/S/train/S_20130822_1005_03_segment11.mp4, 1
/scratch/eo41/data-video/minute/S/train/S_20130706_0819_02_segment4.mp4, 1
/scratch/eo41/data-video/minute/S/train/S_20140508_1821_03_segment5.mp4, 1
/scratch/eo41/data-video/minute/S/train/S_20131106_1220_01_segment11.mp4, 1
/scratch/eo41/data-video/minute/S/train/S_20140326_1709_05_segment1.mp4, 1
/scratch/eo41/data-video/minute/S/train/S_20140430_1813_04_segment5.mp4, 1
/scratch/eo41/data-video/minute/S/train/S_20140101_1415_05_segment6.mp4, 1
/scratch/eo41/data-video/minute/S/train/S_20140622_2005_04_segment20.mp4, 1
/scratch/eo41/data-video/minute/S/train/S_20141206_2519_04_segment19.mp4, 1
/scratch/eo41/data-video/minute/S/train/S_20140322_1705_03_segment6.mp4, 1
/scratch/eo41/data-video/minute/S/train/S_20130630_0813_03_segment1.mp4, 1
/scratch/eo41/data-video/minute/S/train/S_20130703_0816_04_segment1.mp4, 1
/scratch/eo41/data-video/minute/S/train/S_20140222_1605_02_segment20.mp4, 1
/scratch/eo41/data-video/minute/S/train/S_20131204_1317_04_segment6.mp4, 1
/scratch/eo41/data-video/minute/S/train/S_20131127_1310_05_segment18.mp4, 1
/scratch/eo41/data-video/minute/S/train/S_20130908_1022_01_segment4.mp4, 1
/scratch/eo41/data-video/minute/S/train/S_20130522_0705_03_segment3.mp4, 1
/scratch/eo41/data-video/minute/S/train/S_20140524_1907_04_segment4.mp4, 1
/scratch/eo41/data-video/minute/S/train/S_20130612_0726_02_segment7.mp4, 1
/scratch/eo41/data-video/minute/S/train/S_20131212_1325_01_segment1.mp4, 1
/scratch/eo41/data-video/minute/S/train/S_20130803_0917_06_segment2.mp4, 1
/scratch/eo41/data-video/minute/S/train/S_20140611_1925_09_segment0.mp4, 1
/scratch/eo41/data-video/minute/S/train/S_20130922_1105_01_segment9.mp4, 1
/scratch/eo41/data-video/minute/S/train/S_20140522_1905_01_segment6.mp4, 1
/scratch/eo41/data-video/minute/S/train/S_20140705_2018_03_segment6.mp4, 1
/scratch/eo41/data-video/minute/S/train/S_20131225_1408_02_segment12.mp4, 1
/scratch/eo41/data-video/minute/S/train/S_20140622_2005_07_segment7.mp4, 1
/scratch/eo41/data-video/minute/S/train/S_20140713_2026_01_segment4.mp4, 1
/scratch/eo41/data-video/minute/S/train/S_20140119_1502_03_segment23.mp4, 1
/scratch/eo41/data-video/minute/S/train/S_20141206_2519_04_segment2.mp4, 1
/scratch/eo41/data-video/minute/S/train/S_20130919_1102_05_segment4.mp4, 1
/scratch/eo41/data-video/minute/S/train/S_20130424_0607_01_segment6.mp4, 1
/scratch/eo41/data-video/minute/S/train/S_20140605_1919_03_segment12.mp4, 1
/scratch/eo41/data-video/minute/S/train/S_20130424_0607_01_segment26.mp4, 1
/scratch/eo41/data-video/minute/S/train/S_20130612_0726_02_segment6.mp4, 1
/scratch/eo41/data-video/minute/S/train/S_20131024_1207_01_segment12.mp4, 1
/scratch/eo41/data-video/minute/S/train/S_20140605_1919_06_segment4.mp4, 1
/scratch/eo41/data-video/minute/S/train/S_20140302_1613_05_segment22.mp4, 1
/scratch/eo41/data-video/minute/S/train/S_20130905_1019_02_segment19.mp4, 1
/scratch/eo41/data-video/minute/S/train/S_20140717_2100_07_segment3.mp4, 1
/scratch/eo41/data-video/minute/S/train/S_20141019_2402_01_segment2.mp4, 1
/scratch/eo41/data-video/minute/S/train/S_20130922_1105_03_segment6.mp4, 1
/scratch/eo41/data-video/minute/S/train/S_20130829_1012_04_segment3.mp4, 1
/scratch/eo41/data-video/minute/S/train/S_20140409_1723_08_segment5.mp4, 1
/scratch/eo41/data-video/minute/S/train/S_20140524_1907_01_segment4.mp4, 1
/scratch/eo41/data-video/minute/S/train/S_20131218_1401_03_segment0.mp4, 1
/scratch/eo41/data-video/minute/S/train/S_20131204_1317_02_segment3.mp4, 1
/scratch/eo41/data-video/minute/S/train/S_20141029_2412_02_segment1.mp4, 1
/scratch/eo41/data-video/minute/S/train/S_20141023_2406_05_segment2.mp4, 1
/scratch/eo41/data-video/minute/S/train/S_20131113_1227_03_segment14.mp4, 1
/scratch/eo41/data-video/minute/S/train/S_20140720_2103_03_segment1.mp4, 1
/scratch/eo41/data-video/minute/S/train/S_20130814_0928_03_segment4.mp4, 1
/scratch/eo41/data-video/minute/S/train/S_20131204_1317_03_segment3.mp4, 1
/scratch/eo41/data-video/minute/S/train/S_20140921_2304_02_segment4.mp4, 1
/scratch/eo41/data-video/minute/S/train/S_20140220_1603_02_segment13.mp4, 1
/scratch/eo41/data-video/minute/S/train/S_20140206_1520_02_segment9.mp4, 1
/scratch/eo41/data-video/minute/S/train/S_20140920_2303_03_segment5.mp4, 1
/scratch/eo41/data-video/minute/S/train/S_20141109_2423_04_segment3.mp4, 1
/scratch/eo41/data-video/minute/S/train/S_20130911_1025_05_segment3.mp4, 1
/scratch/eo41/data-video/minute/S/train/S_20140913_2227_06_segment6.mp4, 1
/scratch/eo41/data-video/minute/S/train/S_20141015_2328_04_segment23.mp4, 1
/scratch/eo41/data-video/minute/S/train/S_20140903_2217_04_segment4.mp4, 1
/scratch/eo41/data-video/minute/S/train/S_20141206_2519_04_segment20.mp4, 1
/scratch/eo41/data-video/minute/S/train/S_20140315_1626_07_segment11.mp4, 1
/scratch/eo41/data-video/minute/S/train/S_20140123_1506_04_segment0.mp4, 1
/scratch/eo41/data-video/minute/S/train/S_20131106_1220_05_segment20.mp4, 1
/scratch/eo41/data-video/minute/S/train/S_20140601_1915_06_segment1.mp4, 1
/scratch/eo41/data-video/minute/S/train/S_20130529_0712_01_segment9.mp4, 1
/scratch/eo41/data-video/minute/S/train/S_20140710_2023_02_segment0.mp4, 1
/scratch/eo41/data-video/minute/S/train/S_20131019_1202_03_segment3.mp4, 1
/scratch/eo41/data-video/minute/S/train/S_20140517_1900_03_segment4.mp4, 1
/scratch/eo41/data-video/minute/S/train/S_20141001_2314_05_segment4.mp4, 1
/scratch/eo41/data-video/minute/S/train/S_20140119_1502_03_segment9.mp4, 1
/scratch/eo41/data-video/minute/S/train/S_20140212_1526_07_segment12.mp4, 1
/scratch/eo41/data-video/minute/S/train/S_20130428_0611_03_segment4.mp4, 1
/scratch/eo41/data-video/minute/S/train/S_20131103_1217_01_segment0.mp4, 1
/scratch/eo41/data-video/minute/S/train/S_20140729_2112_04_segment11.mp4, 1
/scratch/eo41/data-video/minute/S/train/S_20131207_1320_02_segment12.mp4, 1
/scratch/eo41/data-video/minute/S/train/S_20130602_0716_01_segment2.mp4, 1
/scratch/eo41/data-video/minute/S/train/S_20140426_1809_01_segment18.mp4, 1
/scratch/eo41/data-video/minute/S/train/S_20141116_2430_01_segment4.mp4, 1
/scratch/eo41/data-video/minute/S/train/S_20131012_1125_05_segment1.mp4, 1
/scratch/eo41/data-video/minute/S/train/S_20140129_1512_01_segment3.mp4, 1
/scratch/eo41/data-video/minute/S/train/S_20130703_0816_03_segment1.mp4, 1
/scratch/eo41/data-video/minute/S/train/S_20140201_1515_01_segment4.mp4, 1
/scratch/eo41/data-video/minute/S/train/S_20130616_0730_01_segment8.mp4, 1
/scratch/eo41/data-video/minute/S/train/S_20140115_1429_04_segment4.mp4, 1
/scratch/eo41/data-video/minute/S/train/S_20140907_2221_03_segment12.mp4, 1
/scratch/eo41/data-video/minute/S/train/S_20140426_1809_01_segment24.mp4, 1
/scratch/eo41/data-video/minute/S/train/S_20140828_2211_02_segment1.mp4, 1
/scratch/eo41/data-video/minute/S/train/S_20141106_2420_01_segment2.mp4, 1
/scratch/eo41/data-video/minute/S/train/S_20140917_2300_01_segment5.mp4, 1
/scratch/eo41/data-video/minute/S/train/S_20130724_0907_01_segment4.mp4, 1
/scratch/eo41/data-video/minute/S/train/S_20140503_1816_01_segment9.mp4, 1
/scratch/eo41/data-video/minute/S/train/S_20141023_2406_03_segment1.mp4, 1
/scratch/eo41/data-video/minute/S/train/S_20131024_1207_01_segment10.mp4, 1
/scratch/eo41/data-video/minute/S/train/S_20140302_1613_02_segment2.mp4, 1
/scratch/eo41/data-video/minute/S/train/S_20140312_1623_02_segment19.mp4, 1
/scratch/eo41/data-video/minute/S/train/S_20130608_0722_02_segment3.mp4, 1
/scratch/eo41/data-video/minute/S/train/S_20130901_1015_04_segment10.mp4, 1
/scratch/eo41/data-video/minute/S/train/S_20140426_1809_08_segment2.mp4, 1
/scratch/eo41/data-video/minute/S/train/S_20130504_0617_02_segment15.mp4, 1
/scratch/eo41/data-video/minute/S/train/S_20140503_1816_02_segment13.mp4, 1
/scratch/eo41/data-video/minute/S/train/S_20130526_0709_01_segment10.mp4, 1
/scratch/eo41/data-video/minute/S/train/S_20140707_2020_01_segment2.mp4, 1
/scratch/eo41/data-video/minute/S/train/S_20140622_2005_06_segment19.mp4, 1
/scratch/eo41/data-video/minute/S/train/S_20140212_1526_01_segment2.mp4, 1
/scratch/eo41/data-video/minute/S/train/S_20130811_0925_03_segment15.mp4, 1
/scratch/eo41/data-video/minute/S/train/S_20140222_1605_03_segment8.mp4, 1
/scratch/eo41/data-video/minute/S/train/S_20140720_2103_02_segment2.mp4, 1
/scratch/eo41/data-video/minute/S/train/S_20140208_1522_04_segment6.mp4, 1
/scratch/eo41/data-video/minute/S/train/S_20130808_0922_05_segment11.mp4, 1
/scratch/eo41/data-video/minute/S/train/S_20131228_1411_03_segment4.mp4, 1
/scratch/eo41/data-video/minute/S/train/S_20140312_1623_02_segment25.mp4, 1
/scratch/eo41/data-video/minute/S/train/S_20140508_1821_08_segment1.mp4, 1
/scratch/eo41/data-video/minute/S/train/S_20141206_2519_04_segment22.mp4, 1
/scratch/eo41/data-video/minute/S/train/S_20130911_1025_06_segment16.mp4, 1
/scratch/eo41/data-video/minute/S/train/S_20140326_1709_07_segment8.mp4, 1
/scratch/eo41/data-video/minute/S/train/S_20140920_2303_01_segment7.mp4, 1
/scratch/eo41/data-video/minute/S/train/S_20131130_1313_06_segment1.mp4, 1
/scratch/eo41/data-video/minute/S/train/S_20131110_1224_04_segment3.mp4, 1
/scratch/eo41/data-video/minute/S/train/S_20141023_2406_02_segment7.mp4, 1
/scratch/eo41/data-video/minute/S/train/S_20140913_2227_04_segment27.mp4, 1
/scratch/eo41/data-video/minute/S/train/S_20140201_1515_01_segment8.mp4, 1
/scratch/eo41/data-video/minute/S/train/S_20130424_0607_01_segment7.mp4, 1
/scratch/eo41/data-video/minute/S/train/S_20140814_2128_01_segment12.mp4, 1
/scratch/eo41/data-video/minute/S/train/S_20130911_1025_06_segment3.mp4, 1
/scratch/eo41/data-video/minute/S/train/S_20130814_0928_03_segment18.mp4, 1
/scratch/eo41/data-video/minute/S/train/S_20130519_0702_03_segment17.mp4, 1
/scratch/eo41/data-video/minute/S/train/S_20140928_2311_02_segment27.mp4, 1
/scratch/eo41/data-video/minute/S/train/S_20130919_1102_06_segment4.mp4, 1
/scratch/eo41/data-video/minute/S/train/S_20130824_1007_01_segment19.mp4, 1
